date,exp,otm,gate,S0,ST,K,width,credit,pnl,pnl_pct,move
2018-01-02,2018-01-08,0.019,True,2695.79,2747.71,2645.0,20.0,0.25,0.24,0.012,1.92596604334907
2018-01-02,2018-01-08,0.022,True,2695.79,2747.71,2635.0,20.0,0.13,0.1248,0.00624,1.92596604334907
2018-01-02,2018-01-08,0.025,True,2695.79,2747.71,2630.0,20.0,0.07999999999999996,0.07679999999999997,0.0038399999999999984,1.92596604334907
2018-01-02,2018-01-08,0.028,True,2695.79,2747.71,2620.0,20.0,0.030000000000000027,0.028800000000000023,0.0014400000000000012,1.92596604334907
2018-01-09,2018-01-16,0.019,True,2751.3,2776.43,2700.0,20.0,0.22999999999999998,0.22079999999999997,0.011039999999999998,0.9133863991567459
2018-01-09,2018-01-16,0.022,True,2751.3,2776.43,2690.0,20.0,0.09999999999999998,0.09599999999999997,0.004799999999999999,0.9133863991567459
2018-01-09,2018-01-16,0.025,True,2751.3,2776.43,2685.0,20.0,0.07999999999999996,0.07679999999999997,0.0038399999999999984,0.9133863991567459
2018-01-09,2018-01-16,0.028,True,2751.3,2776.43,2675.0,20.0,0.02999999999999997,0.02879999999999997,0.0014399999999999986,0.9133863991567459
2018-01-17,2018-01-24,0.019,True,2802.57,2837.57,2750.0,20.0,0.8500000000000001,0.8160000000000001,0.0408,1.2488537306829084
2018-01-17,2018-01-24,0.022,True,2802.57,2837.57,2740.0,20.0,0.5699999999999998,0.5471999999999998,0.02735999999999999,1.2488537306829084
2018-01-17,2018-01-24,0.025,True,2802.57,2837.57,2735.0,20.0,0.48,0.4608,0.023039999999999998,1.2488537306829084
2018-01-17,2018-01-24,0.028,True,2802.57,2837.57,2725.0,20.0,0.33000000000000007,0.3168000000000001,0.015840000000000003,1.2488537306829084
2018-01-25,2018-01-31,0.019,True,2839.27,2823.85,2785.0,20.0,0.8799999999999999,0.8447999999999999,0.04223999999999999,-0.5430973454444321
2018-01-25,2018-01-31,0.022,True,2839.27,2823.85,2775.0,20.0,0.6199999999999999,0.5951999999999998,0.02975999999999999,-0.5430973454444321
2018-01-25,2018-01-31,0.025,True,2839.27,2823.85,2770.0,20.0,0.47,0.45119999999999993,0.022559999999999997,-0.5430973454444321
2018-01-25,2018-01-31,0.028,True,2839.27,2823.85,2760.0,20.0,0.29999999999999993,0.2879999999999999,0.014399999999999996,-0.5430973454444321
2018-02-01,2018-02-07,0.019,True,2821.99,2681.66,2770.0,20.0,1.2999999999999998,-18.752,-0.9376,-4.9727320082636695
2018-02-01,2018-02-07,0.022,True,2821.99,2681.66,2760.0,20.0,0.8799999999999999,-19.1552,-0.9577600000000001,-4.9727320082636695
2018-02-01,2018-02-07,0.025,True,2821.99,2681.66,2750.0,20.0,0.5699999999999998,-19.4528,-0.97264,-4.9727320082636695
2018-02-01,2018-02-07,0.028,True,2821.99,2681.66,2745.0,20.0,0.5,-19.52,-0.976,-4.9727320082636695
2018-02-08,2018-02-14,0.019,True,2581.02,2698.65,2530.0,15.0,1.25,1.2,0.08,4.557500523049041
2018-02-08,2018-02-14,0.022,True,2581.02,2698.65,2525.0,15.0,1.1999999999999993,1.1519999999999992,0.07679999999999995,4.557500523049041
2018-02-08,2018-02-14,0.025,True,2581.02,2698.65,2515.0,15.0,1.1999999999999993,1.1519999999999992,0.07679999999999995,4.557500523049041
2018-02-08,2018-02-14,0.028,True,2581.02,2698.65,2510.0,15.0,0.9000000000000021,0.864000000000002,0.05760000000000013,4.557500523049041
2018-02-15,2018-02-21,0.019,True,2731.2,2701.36,2680.0,20.0,1.3999999999999995,1.3439999999999994,0.06719999999999997,-1.0925600468658314
2018-02-15,2018-02-21,0.022,True,2731.2,2701.36,2670.0,20.0,1.0,0.96,0.048,-1.0925600468658314
2018-02-15,2018-02-21,0.025,True,2731.2,2701.36,2665.0,20.0,0.8700000000000001,0.8352,0.041760000000000005,-1.0925600468658314
2018-02-15,2018-02-21,0.028,True,2731.2,2701.36,2655.0,20.0,0.7000000000000002,0.6720000000000002,0.033600000000000005,-1.0925600468658314
2018-02-22,2018-02-28,0.019,True,2703.96,2713.81,2655.0,20.0,1.6500000000000004,1.5840000000000003,0.07920000000000002,0.364280536694328
2018-02-22,2018-02-28,0.022,True,2703.96,2713.81,2645.0,20.0,1.2999999999999998,1.2479999999999998,0.06239999999999999,0.364280536694328
2018-02-22,2018-02-28,0.025,True,2703.96,2713.81,2635.0,20.0,1.0,0.96,0.048,0.364280536694328
2018-02-22,2018-02-28,0.028,True,2703.96,2713.81,2630.0,20.0,0.8999999999999995,0.8639999999999994,0.043199999999999975,0.364280536694328
2018-03-01,2018-03-07,0.019,True,2677.58,2726.83,2625.0,20.0,2.0,1.92,0.096,1.8393474704770707
2018-03-01,2018-03-07,0.022,True,2677.58,2726.83,2620.0,20.0,1.8499999999999996,1.7759999999999996,0.08879999999999998,1.8393474704770707
2018-03-01,2018-03-07,0.025,True,2677.58,2726.83,2610.0,20.0,1.450000000000001,1.392000000000001,0.06960000000000005,1.8393474704770707
2018-03-01,2018-03-07,0.028,True,2677.58,2726.83,2605.0,20.0,1.3500000000000005,1.2960000000000005,0.06480000000000002,1.8393474704770707
2018-03-08,2018-03-14,0.019,True,2738.97,2749.49,2685.0,20.0,1.5000000000000004,1.4400000000000004,0.07200000000000002,0.3840859885285264
2018-03-08,2018-03-14,0.022,True,2738.97,2749.49,2680.0,20.0,1.25,1.2,0.06,0.3840859885285264
2018-03-08,2018-03-14,0.025,True,2738.97,2749.49,2670.0,20.0,1.0,0.96,0.048,0.3840859885285264
2018-03-08,2018-03-14,0.028,True,2738.97,2749.49,2660.0,20.0,0.75,0.72,0.036,0.3840859885285264
2018-03-15,2018-03-21,0.019,True,2747.33,2711.93,2695.0,20.0,0.8499999999999996,0.8159999999999996,0.04079999999999998,-1.28852376671168
2018-03-15,2018-03-21,0.022,True,2747.33,2711.93,2685.0,20.0,0.6499999999999999,0.6239999999999999,0.031199999999999995,-1.28852376671168
2018-03-15,2018-03-21,0.025,True,2747.33,2711.93,2680.0,20.0,0.5,0.48,0.024,-1.28852376671168
2018-03-15,2018-03-21,0.028,True,2747.33,2711.93,2670.0,20.0,0.3500000000000001,0.3360000000000001,0.016800000000000002,-1.28852376671168
2018-03-22,2018-03-29,0.019,True,2643.69,2641.4,2595.0,15.0,1.8499999999999996,1.7759999999999996,0.11839999999999998,-0.08662135121743075
2018-03-22,2018-03-29,0.022,True,2643.69,2641.4,2585.0,15.0,1.549999999999999,1.4879999999999989,0.09919999999999993,-0.08662135121743075
2018-03-22,2018-03-29,0.025,True,2643.69,2641.4,2580.0,15.0,1.3999999999999986,1.3439999999999985,0.0895999999999999,-0.08662135121743075
2018-03-22,2018-03-29,0.028,True,2643.69,2641.4,2570.0,15.0,1.1999999999999993,1.1519999999999992,0.07679999999999995,-0.08662135121743075
2018-04-02,2018-04-09,0.019,False,2581.86,2613.16,2535.0,15.0,2.8499999999999996,2.7359999999999998,0.18239999999999998,1.2123043077471252
2018-04-02,2018-04-09,0.022,False,2581.86,2613.16,2525.0,15.0,2.450000000000001,2.3520000000000008,0.15680000000000005,1.2123043077471252
2018-04-02,2018-04-09,0.025,False,2581.86,2613.16,2515.0,15.0,2.1500000000000004,2.064,0.1376,1.2123043077471252
2018-04-02,2018-04-09,0.028,False,2581.86,2613.16,2510.0,15.0,2.0,1.92,0.128,1.2123043077471252
2018-04-10,2018-04-16,0.019,False,2656.87,2677.84,2605.0,15.0,1.8499999999999996,1.7759999999999996,0.11839999999999998,0.7892745975527582
2018-04-10,2018-04-16,0.022,False,2656.87,2677.84,2600.0,15.0,1.6999999999999993,1.6319999999999992,0.10879999999999995,0.7892745975527582
2018-04-10,2018-04-16,0.025,False,2656.87,2677.84,2590.0,15.0,1.3500000000000005,1.2960000000000005,0.08640000000000003,0.7892745975527582
2018-04-10,2018-04-16,0.028,False,2656.87,2677.84,2580.0,15.0,1.0499999999999998,1.0079999999999998,0.06719999999999998,0.7892745975527582
2018-04-17,2018-04-23,0.019,True,2706.39,2670.29,2655.0,20.0,1.02,0.9792,0.04896,-1.3338801872605166
2018-04-17,2018-04-23,0.022,True,2706.39,2670.29,2645.0,20.0,0.7199999999999998,0.6911999999999997,0.03455999999999999,-1.3338801872605166
2018-04-17,2018-04-23,0.025,True,2706.39,2670.29,2640.0,20.0,0.6000000000000001,0.5760000000000001,0.028800000000000003,-1.3338801872605166
2018-04-17,2018-04-23,0.028,True,2706.39,2670.29,2630.0,20.0,0.4299999999999997,0.4127999999999997,0.020639999999999985,-1.3338801872605166
2018-04-24,2018-04-30,0.019,True,2634.55,2648.06,2585.0,15.0,1.9000000000000004,1.8240000000000003,0.12160000000000001,0.5128010476172395
2018-04-24,2018-04-30,0.022,True,2634.55,2648.06,2575.0,15.0,1.4500000000000002,1.3920000000000001,0.09280000000000001,0.5128010476172395
2018-04-24,2018-04-30,0.025,True,2634.55,2648.06,2570.0,15.0,1.2000000000000002,1.1520000000000001,0.07680000000000001,0.5128010476172395
2018-04-24,2018-04-30,0.028,True,2634.55,2648.06,2560.0,15.0,0.9500000000000002,0.9120000000000001,0.06080000000000001,0.5128010476172395
2018-05-01,2018-05-07,0.019,True,2654.77,2672.62,2605.0,15.0,1.2499999999999996,1.1999999999999995,0.07999999999999997,0.6723746313239909
2018-05-01,2018-05-07,0.022,True,2654.77,2672.62,2595.0,15.0,0.9199999999999999,0.8831999999999999,0.058879999999999995,0.6723746313239909
2018-05-01,2018-05-07,0.025,True,2654.77,2672.62,2590.0,15.0,0.7799999999999998,0.7487999999999998,0.049919999999999985,0.6723746313239909
2018-05-01,2018-05-07,0.028,True,2654.77,2672.62,2580.0,15.0,0.6499999999999999,0.6239999999999999,0.04159999999999999,0.6723746313239909
2018-05-08,2018-05-14,0.019,True,2671.92,2730.13,2620.0,15.0,0.8999999999999999,0.8639999999999999,0.05759999999999999,2.1785831911135034
2018-05-08,2018-05-14,0.022,True,2671.92,2730.13,2615.0,15.0,0.7999999999999998,0.7679999999999998,0.05119999999999999,2.1785831911135034
2018-05-08,2018-05-14,0.025,True,2671.92,2730.13,2605.0,15.0,0.5500000000000003,0.5280000000000002,0.035200000000000016,2.1785831911135034
2018-05-08,2018-05-14,0.028,True,2671.92,2730.13,2595.0,15.0,0.32000000000000006,0.30720000000000003,0.02048,2.1785831911135034
2018-05-15,2018-05-21,0.019,True,2711.45,2733.02,2660.0,20.0,1.17,1.1232,0.05616,0.7955153146840255
2018-05-15,2018-05-21,0.022,True,2711.45,2733.02,2650.0,20.0,0.8000000000000003,0.7680000000000002,0.03840000000000001,0.7955153146840255
2018-05-15,2018-05-21,0.025,True,2711.45,2733.02,2645.0,20.0,0.6799999999999997,0.6527999999999997,0.03263999999999999,0.7955153146840255
2018-05-15,2018-05-21,0.028,True,2711.45,2733.02,2635.0,20.0,0.44999999999999973,0.4319999999999997,0.021599999999999987,0.7955153146840255
2018-05-22,2018-05-29,0.019,True,2724.46,2689.86,2675.0,20.0,0.6,0.576,0.0288,-1.2699764356973509
2018-05-22,2018-05-29,0.022,True,2724.46,2689.86,2665.0,20.0,0.3800000000000001,0.3648000000000001,0.018240000000000006,-1.2699764356973509
2018-05-22,2018-05-29,0.025,True,2724.46,2689.86,2655.0,20.0,0.18000000000000005,0.17280000000000004,0.008640000000000002,-1.2699764356973509
2018-05-22,2018-05-29,0.028,True,2724.46,2689.86,2650.0,20.0,0.13,0.1248,0.00624,-1.2699764356973509
2018-05-30,2018-06-06,0.019,True,2724.03,2772.35,2670.0,20.0,1.0,0.96,0.048,1.773842431984951
2018-05-30,2018-06-06,0.022,True,2724.03,2772.35,2665.0,20.0,0.8500000000000001,0.8160000000000001,0.0408,1.773842431984951
2018-05-30,2018-06-06,0.025,True,2724.03,2772.35,2655.0,20.0,0.6299999999999999,0.6047999999999999,0.030239999999999996,1.773842431984951
2018-05-30,2018-06-06,0.028,True,2724.03,2772.35,2650.0,20.0,0.4999999999999998,0.47999999999999976,0.023999999999999987,1.773842431984951
2018-06-07,2018-06-13,0.019,True,2770.37,2775.63,2720.0,20.0,0.72,0.6911999999999999,0.034559999999999994,0.18986633554363141
2018-06-07,2018-06-13,0.022,True,2770.37,2775.63,2710.0,20.0,0.5299999999999998,0.5087999999999998,0.02543999999999999,0.18986633554363141
2018-06-07,2018-06-13,0.025,True,2770.37,2775.63,2700.0,20.0,0.3500000000000001,0.3360000000000001,0.016800000000000002,0.18986633554363141
2018-06-07,2018-06-13,0.028,True,2770.37,2775.63,2695.0,20.0,0.30000000000000004,0.28800000000000003,0.014400000000000001,0.18986633554363141
2018-06-14,2018-06-20,0.019,True,2782.51,2767.32,2730.0,20.0,0.3799999999999999,0.3647999999999999,0.018239999999999996,-0.5459099877448748
2018-06-14,2018-06-20,0.022,True,2782.51,2767.32,2720.0,20.0,0.25,0.24,0.012,-0.5459099877448748
2018-06-14,2018-06-20,0.025,True,2782.51,2767.32,2715.0,20.0,0.16999999999999993,0.16319999999999993,0.008159999999999997,-0.5459099877448748
2018-06-14,2018-06-20,0.028,True,2782.51,2767.32,2705.0,20.0,0.13,0.1248,0.00624,-0.5459099877448748
2018-06-22,2018-06-29,0.019,True,2754.89,2718.47,2705.0,20.0,1.1700000000000004,1.1232000000000004,0.05616000000000002,-1.3220128571376777
2018-06-22,2018-06-29,0.022,True,2754.89,2718.47,2695.0,20.0,0.8500000000000001,0.8160000000000001,0.0408,-1.3220128571376777
2018-06-22,2018-06-29,0.025,True,2754.89,2718.47,2685.0,20.0,0.6499999999999999,0.6239999999999999,0.031199999999999995,-1.3220128571376777
2018-06-22,2018-06-29,0.028,True,2754.89,2718.47,2680.0,20.0,0.5499999999999998,0.5279999999999998,0.02639999999999999,-1.3220128571376777
2018-07-02,2018-07-09,0.019,True,2726.67,2784.18,2675.0,20.0,1.4700000000000002,1.4112000000000002,0.07056000000000001,2.1091661257137684
2018-07-02,2018-07-09,0.022,True,2726.67,2784.18,2665.0,20.0,1.0499999999999998,1.0079999999999998,0.050399999999999986,2.1091661257137684
2018-07-02,2018-07-09,0.025,True,2726.67,2784.18,2660.0,20.0,0.8499999999999999,0.8159999999999998,0.04079999999999999,2.1091661257137684
2018-07-02,2018-07-09,0.028,True,2726.67,2784.18,2650.0,20.0,0.5499999999999998,0.5279999999999998,0.02639999999999999,2.1091661257137684
2018-07-10,2018-07-16,0.019,True,2793.83,2798.44,2740.0,20.0,0.44999999999999996,0.43199999999999994,0.021599999999999998,0.16500646066510694
2018-07-10,2018-07-16,0.022,True,2793.83,2798.44,2730.0,20.0,0.33000000000000007,0.3168000000000001,0.015840000000000003,0.16500646066510694
2018-07-10,2018-07-16,0.025,True,2793.83,2798.44,2725.0,20.0,0.2499999999999999,0.23999999999999988,0.011999999999999993,0.16500646066510694
2018-07-10,2018-07-16,0.028,True,2793.83,2798.44,2715.0,20.0,0.16999999999999993,0.16319999999999993,0.008159999999999997,0.16500646066510694
2018-07-17,2018-07-23,0.019,True,2809.57,2806.97,2755.0,20.0,0.3500000000000001,0.3360000000000001,0.016800000000000002,-0.09254085144703161
2018-07-17,2018-07-23,0.022,True,2809.57,2806.97,2750.0,20.0,0.2699999999999999,0.2591999999999999,0.012959999999999994,-0.09254085144703161
2018-07-17,2018-07-23,0.025,True,2809.57,2806.97,2740.0,20.0,0.17000000000000004,0.16320000000000004,0.008160000000000002,-0.09254085144703161
2018-07-17,2018-07-23,0.028,True,2809.57,2806.97,2730.0,20.0,0.09999999999999998,0.09599999999999997,0.004799999999999999,-0.09254085144703161
2018-07-24,2018-07-31,0.019,True,2820.39,2816.27,2765.0,20.0,0.6699999999999999,0.6431999999999999,0.032159999999999994,-0.14607908835302386
2018-07-24,2018-07-31,0.022,True,2820.39,2816.27,2760.0,20.0,0.52,0.4992,0.02496,-0.14607908835302386
2018-07-24,2018-07-31,0.025,True,2820.39,2816.27,2750.0,20.0,0.3500000000000001,0.3360000000000001,0.016800000000000002,-0.14607908835302386
2018-07-24,2018-07-31,0.028,True,2820.39,2816.27,2740.0,20.0,0.25,0.24,0.012,-0.14607908835302386
2018-08-01,2018-08-08,0.019,True,2813.39,2857.71,2760.0,20.0,1.1,1.056,0.0528,1.5753237197829062
2018-08-01,2018-08-08,0.022,True,2813.39,2857.71,2750.0,20.0,0.7999999999999998,0.7679999999999998,0.03839999999999999,1.5753237197829062
2018-08-01,2018-08-08,0.025,True,2813.39,2857.71,2745.0,20.0,0.6700000000000002,0.6432000000000001,0.03216000000000001,1.5753237197829062
2018-08-01,2018-08-08,0.028,True,2813.39,2857.71,2735.0,20.0,0.52,0.4992,0.02496,1.5753237197829062
2018-08-09,2018-08-15,0.019,True,2853.58,2818.39,2800.0,20.0,0.42000000000000004,0.4032,0.02016,-1.2331877851681106
2018-08-09,2018-08-15,0.022,True,2853.58,2818.39,2790.0,20.0,0.27,0.2592,0.01296,-1.2331877851681106
2018-08-09,2018-08-15,0.025,True,2853.58,2818.39,2780.0,20.0,0.12,0.1152,0.0057599999999999995,-1.2331877851681106
2018-08-09,2018-08-15,0.028,True,2853.58,2818.39,2775.0,20.0,0.09999999999999998,0.09599999999999997,0.004799999999999999,-1.2331877851681106
2018-08-16,2018-08-22,0.019,True,2840.69,2861.83,2785.0,20.0,0.6699999999999999,0.6431999999999999,0.032159999999999994,0.7441853915773899
2018-08-16,2018-08-22,0.022,True,2840.69,2861.83,2780.0,20.0,0.5699999999999998,0.5471999999999998,0.02735999999999999,0.7441853915773899
2018-08-16,2018-08-22,0.025,True,2840.69,2861.83,2770.0,20.0,0.43000000000000016,0.4128000000000001,0.020640000000000006,0.7441853915773899
2018-08-16,2018-08-22,0.028,True,2840.69,2861.83,2760.0,20.0,0.28,0.26880000000000004,0.013440000000000002,0.7441853915773899
2018-08-23,2018-08-29,0.019,True,2856.98,2914.04,2805.0,20.0,0.6700000000000002,0.6432000000000001,0.03216000000000001,1.9972138411889384
2018-08-23,2018-08-29,0.022,True,2856.98,2914.04,2795.0,20.0,0.47,0.45119999999999993,0.022559999999999997,1.9972138411889384
2018-08-23,2018-08-29,0.025,True,2856.98,2914.04,2785.0,20.0,0.30000000000000004,0.28800000000000003,0.014400000000000001,1.9972138411889384
2018-08-23,2018-08-29,0.028,True,2856.98,2914.04,2775.0,20.0,0.17000000000000004,0.16320000000000004,0.008160000000000002,1.9972138411889384
2018-08-30,2018-09-05,0.019,True,2901.13,2888.62,2845.0,20.0,0.3999999999999999,0.3839999999999999,0.019199999999999995,-0.43121128663659025
2018-08-30,2018-09-05,0.022,True,2901.13,2888.62,2835.0,20.0,0.27,0.2592,0.01296,-0.43121128663659025
2018-08-30,2018-09-05,0.025,True,2901.13,2888.62,2830.0,20.0,0.19999999999999996,0.19199999999999995,0.009599999999999997,-0.43121128663659025
2018-08-30,2018-09-05,0.028,True,2901.13,2888.62,2820.0,20.0,0.1200000000000001,0.1152000000000001,0.005760000000000005,-0.43121128663659025
2018-09-06,2018-09-12,0.019,True,2878.07,2888.92,2825.0,20.0,0.9199999999999999,0.8831999999999999,0.04415999999999999,0.37698874593043996
2018-09-06,2018-09-12,0.022,True,2878.07,2888.92,2815.0,20.0,0.6699999999999999,0.6431999999999999,0.032159999999999994,0.37698874593043996
2018-09-06,2018-09-12,0.025,True,2878.07,2888.92,2805.0,20.0,0.47,0.45119999999999993,0.022559999999999997,0.37698874593043996
2018-09-06,2018-09-12,0.028,True,2878.07,2888.92,2795.0,20.0,0.32999999999999985,0.31679999999999986,0.015839999999999993,0.37698874593043996
2018-09-13,2018-09-19,0.019,True,2904.18,2907.94,2850.0,20.0,0.3799999999999999,0.3647999999999999,0.018239999999999996,0.12946855911135646
2018-09-13,2018-09-19,0.022,True,2904.18,2907.94,2840.0,20.0,0.22999999999999987,0.22079999999999986,0.011039999999999993,0.12946855911135646
2018-09-13,2018-09-19,0.025,True,2904.18,2907.94,2830.0,20.0,0.10000000000000009,0.09600000000000009,0.004800000000000004,0.12946855911135646
2018-09-13,2018-09-19,0.028,True,2904.18,2907.94,2825.0,20.0,0.04999999999999993,0.04799999999999993,0.0023999999999999968,0.12946855911135646
2018-09-20,2018-09-26,0.019,True,2930.75,2905.98,2875.0,20.0,0.4500000000000002,0.43200000000000016,0.021600000000000008,-0.8451761494498
2018-09-20,2018-09-26,0.022,True,2930.75,2905.98,2865.0,20.0,0.33000000000000007,0.3168000000000001,0.015840000000000003,-0.8451761494498
2018-09-20,2018-09-26,0.025,True,2930.75,2905.98,2855.0,20.0,0.22999999999999998,0.22079999999999997,0.011039999999999998,-0.8451761494498
2018-09-20,2018-09-26,0.028,True,2930.75,2905.98,2850.0,20.0,0.19999999999999996,0.19199999999999995,0.009599999999999997,-0.8451761494498
2018-09-27,2018-10-03,0.019,True,2914.0,2925.51,2860.0,20.0,0.7199999999999998,0.6911999999999997,0.03455999999999999,0.39498970487303886
2018-09-27,2018-10-03,0.022,True,2914.0,2925.51,2850.0,20.0,0.5499999999999998,0.5279999999999998,0.02639999999999999,0.39498970487303886
2018-09-27,2018-10-03,0.025,True,2914.0,2925.51,2840.0,20.0,0.3700000000000001,0.35520000000000007,0.017760000000000005,0.39498970487303886
2018-09-27,2018-10-03,0.028,True,2914.0,2925.51,2830.0,20.0,0.25,0.24,0.012,0.39498970487303886
2018-10-04,2018-10-10,0.019,True,2901.61,2785.68,2845.0,20.0,1.0999999999999996,-18.944,-0.9471999999999999,-3.9953680887507392
2018-10-04,2018-10-10,0.022,True,2901.61,2785.68,2840.0,20.0,0.8999999999999999,-19.136,-0.9568,-3.9953680887507392
2018-10-04,2018-10-10,0.025,True,2901.61,2785.68,2830.0,20.0,0.6999999999999997,-19.328,-0.9663999999999999,-3.9953680887507392
2018-10-04,2018-10-10,0.028,True,2901.61,2785.68,2820.0,20.0,0.5499999999999998,-19.472,-0.9736,-3.9953680887507392
2018-10-11,2018-10-17,0.019,False,2728.37,2809.21,2675.0,20.0,2.5,2.4,0.12,2.9629412433064495
2018-10-11,2018-10-17,0.022,False,2728.37,2809.21,2670.0,20.0,2.3000000000000007,2.2080000000000006,0.11040000000000003,2.9629412433064495
2018-10-11,2018-10-17,0.025,False,2728.37,2809.21,2660.0,20.0,2.0,1.92,0.096,2.9629412433064495
2018-10-11,2018-10-17,0.028,False,2728.37,2809.21,2650.0,20.0,1.6999999999999993,1.6319999999999992,0.08159999999999996,2.9629412433064495
2018-10-18,2018-10-24,0.019,True,2768.78,2656.1,2715.0,20.0,2.5,-17.6,-0.8800000000000001,-4.069662450610023
2018-10-18,2018-10-24,0.022,True,2768.78,2656.1,2710.0,20.0,2.299999999999999,-17.792,-0.8896000000000001,-4.069662450610023
2018-10-18,2018-10-24,0.025,True,2768.78,2656.1,2700.0,20.0,1.9000000000000004,-18.176,-0.9087999999999999,-4.069662450610023
2018-10-18,2018-10-24,0.028,True,2768.78,2656.1,2690.0,20.0,1.5999999999999996,-18.464,-0.9231999999999999,-4.069662450610023
2018-11-01,2018-11-07,0.019,False,2740.37,2813.89,2690.0,20.0,2.8499999999999996,2.7359999999999998,0.13679999999999998,2.6828493962494093
2018-11-01,2018-11-07,0.022,False,2740.37,2813.89,2680.0,20.0,2.4499999999999993,2.3519999999999994,0.11759999999999997,2.6828493962494093
2018-11-01,2018-11-07,0.025,False,2740.37,2813.89,2670.0,20.0,2.05,1.9679999999999997,0.09839999999999999,2.6828493962494093
2018-11-01,2018-11-07,0.028,False,2740.37,2813.89,2665.0,20.0,1.7999999999999998,1.7279999999999998,0.08639999999999999,2.6828493962494093
2018-11-08,2018-11-14,0.019,True,2806.83,2701.58,2755.0,20.0,1.4000000000000004,-18.656,-0.9328,-3.749781782295325
2018-11-08,2018-11-14,0.022,True,2806.83,2701.58,2745.0,20.0,1.1,-18.944,-0.9471999999999999,-3.749781782295325
2018-11-08,2018-11-14,0.025,True,2806.83,2701.58,2735.0,20.0,0.8500000000000001,-19.184,-0.9592,-3.749781782295325
2018-11-08,2018-11-14,0.028,True,2806.83,2701.58,2730.0,20.0,0.7000000000000002,-19.328,-0.9663999999999999,-3.749781782295325
2018-11-15,2018-11-21,0.019,False,2730.2,2649.93,2680.0,20.0,2.4000000000000004,-17.695999999999998,-0.8847999999999999,-2.9400776499890147
2018-11-15,2018-11-21,0.022,False,2730.2,2649.93,2670.0,20.0,2.0,-18.08,-0.9039999999999999,-2.9400776499890147
2018-11-15,2018-11-21,0.025,False,2730.2,2649.93,2660.0,20.0,1.5999999999999996,-8.534000000000164,-0.4267000000000082,-2.9400776499890147
2018-11-15,2018-11-21,0.028,False,2730.2,2649.93,2655.0,20.0,1.4000000000000004,-3.7260000000001634,-0.18630000000000818,-2.9400776499890147
2018-11-23,2018-11-30,0.019,False,2632.56,2760.16,2585.0,15.0,2.799999999999999,2.687999999999999,0.17919999999999991,4.8469930409943185
2018-11-23,2018-11-30,0.022,False,2632.56,2760.16,2575.0,15.0,2.3000000000000007,2.2080000000000006,0.14720000000000005,4.8469930409943185
2018-11-23,2018-11-30,0.025,False,2632.56,2760.16,2565.0,15.0,2.0,1.92,0.128,4.8469930409943185
2018-11-23,2018-11-30,0.028,False,2632.56,2760.16,2560.0,15.0,1.7999999999999998,1.7279999999999998,0.11519999999999998,4.8469930409943185
2018-12-03,2018-12-10,0.019,True,2782.77,2641.03,2730.0,20.0,1.5999999999999996,-18.464,-0.9231999999999999,-5.093485986984181
2018-12-03,2018-12-10,0.022,True,2782.77,2641.03,2720.0,20.0,1.2999999999999998,-18.752,-0.9376,-5.093485986984181
2018-12-03,2018-12-10,0.025,True,2782.77,2641.03,2715.0,20.0,1.0499999999999998,-18.992,-0.9496,-5.093485986984181
2018-12-03,2018-12-10,0.028,True,2782.77,2641.03,2705.0,20.0,0.75,-19.28,-0.9640000000000001,-5.093485986984181
2018-12-12,2018-12-19,0.019,False,2654.08,2515.94,2605.0,15.0,2.9000000000000004,-12.216,-0.8143999999999999,-5.204816734989148
2018-12-12,2018-12-19,0.022,False,2654.08,2515.94,2595.0,15.0,2.299999999999999,-12.792000000000002,-0.8528000000000001,-5.204816734989148
2018-12-12,2018-12-19,0.025,False,2654.08,2515.94,2590.0,15.0,2.299999999999999,-12.792000000000002,-0.8528000000000001,-5.204816734989148
2018-12-12,2018-12-19,0.028,False,2654.08,2515.94,2580.0,15.0,1.9000000000000004,-13.176,-0.8784,-5.204816734989148
2018-12-20,2018-12-26,0.019,False,2481.46,2469.28,2435.0,15.0,1.6999999999999993,1.6319999999999992,0.10879999999999995,-0.4908400699588089
2018-12-20,2018-12-26,0.022,False,2481.46,2469.28,2425.0,15.0,1.3000000000000007,1.2480000000000007,0.08320000000000004,-0.4908400699588089
2018-12-20,2018-12-26,0.025,False,2481.46,2469.28,2420.0,15.0,1.1999999999999993,1.1519999999999992,0.07679999999999995,-0.4908400699588089
2018-12-20,2018-12-26,0.028,False,2481.46,2469.28,2410.0,15.0,1.0,0.96,0.064,-0.4908400699588089
2018-12-27,2019-01-02,0.019,False,2489.69,2506.7,2440.0,15.0,2.5,2.4,0.16,0.6832175893384251
2018-12-27,2019-01-02,0.022,False,2489.69,2506.7,2435.0,15.0,2.5000000000000018,2.4000000000000017,0.16000000000000011,0.6832175893384251
2018-12-27,2019-01-02,0.025,False,2489.69,2506.7,2425.0,15.0,2.0,1.92,0.128,0.6832175893384251
2018-12-27,2019-01-02,0.028,False,2489.69,2506.7,2420.0,15.0,1.9000000000000004,1.8240000000000003,0.12160000000000001,0.6832175893384251
2019-01-03,2019-01-09,0.019,False,2456.74,2583.25,2410.0,15.0,3.1000000000000014,2.9760000000000013,0.19840000000000008,5.149507070345272
2019-01-03,2019-01-09,0.022,False,2456.74,2583.25,2405.0,15.0,3.0,2.88,0.192,5.149507070345272
2019-01-03,2019-01-09,0.025,False,2456.74,2583.25,2395.0,15.0,2.5999999999999996,2.4959999999999996,0.16639999999999996,5.149507070345272
2019-01-03,2019-01-09,0.028,False,2456.74,2583.25,2390.0,15.0,2.4000000000000004,2.3040000000000003,0.15360000000000001,5.149507070345272
2019-01-10,2019-01-16,0.019,False,2592.07,2613.44,2545.0,15.0,1.7000000000000002,1.6320000000000001,0.10880000000000001,0.8244376116385732
2019-01-10,2019-01-16,0.022,False,2592.07,2613.44,2535.0,15.0,1.2000000000000002,1.1520000000000001,0.07680000000000001,0.8244376116385732
2019-01-10,2019-01-16,0.025,False,2592.07,2613.44,2525.0,15.0,1.0,0.96,0.064,0.8244376116385732
2019-01-10,2019-01-16,0.028,False,2592.07,2613.44,2520.0,15.0,0.9499999999999997,0.9119999999999997,0.06079999999999998,0.8244376116385732
2019-01-17,2019-01-23,0.019,False,2632.11,2636.68,2580.0,15.0,0.75,0.72,0.048,0.17362496248256587
2019-01-17,2019-01-23,0.022,False,2632.11,2636.68,2575.0,15.0,0.75,0.72,0.048,0.17362496248256587
2019-01-17,2019-01-23,0.025,False,2632.11,2636.68,2565.0,15.0,0.4500000000000002,0.43200000000000016,0.02880000000000001,0.17362496248256587
2019-01-17,2019-01-23,0.028,False,2632.11,2636.68,2560.0,15.0,0.40000000000000013,0.3840000000000001,0.025600000000000008,0.17362496248256587
2019-01-24,2019-01-31,0.019,False,2636.48,2704.1,2585.0,15.0,1.8000000000000007,1.7280000000000006,0.11520000000000004,2.5647833474936155
2019-01-24,2019-01-31,0.022,False,2636.48,2704.1,2580.0,15.0,1.5999999999999996,1.5359999999999996,0.10239999999999998,2.5647833474936155
2019-01-24,2019-01-31,0.025,False,2636.48,2704.1,2570.0,15.0,1.2999999999999998,1.2479999999999998,0.08319999999999998,2.5647833474936155
2019-01-24,2019-01-31,0.028,False,2636.48,2704.1,2565.0,15.0,1.1000000000000005,1.0560000000000005,0.07040000000000003,2.5647833474936155
2019-02-01,2019-02-08,0.019,False,2706.53,2707.88,2660.0,20.0,1.7999999999999998,1.7279999999999998,0.08639999999999999,0.04987936583005226
2019-02-01,2019-02-08,0.022,False,2706.53,2707.88,2650.0,20.0,1.4499999999999997,1.3919999999999997,0.06959999999999998,0.04987936583005226
2019-02-01,2019-02-08,0.025,False,2706.53,2707.88,2640.0,20.0,0.9500000000000002,0.9120000000000001,0.04560000000000001,0.04987936583005226
2019-02-01,2019-02-08,0.028,False,2706.53,2707.88,2630.0,20.0,0.6999999999999997,0.6719999999999997,0.033599999999999984,0.04987936583005226
2019-02-11,2019-02-19,0.019,False,2709.8,2779.76,2660.0,20.0,2.0,1.92,0.096,2.5817403498413105
2019-02-11,2019-02-19,0.022,False,2709.8,2779.76,2650.0,20.0,1.4999999999999996,1.4399999999999995,0.07199999999999998,2.5817403498413105
2019-02-11,2019-02-19,0.025,False,2709.8,2779.76,2640.0,20.0,1.1999999999999997,1.1519999999999997,0.057599999999999985,2.5817403498413105
2019-02-11,2019-02-19,0.028,False,2709.8,2779.76,2630.0,20.0,0.9499999999999997,0.9119999999999997,0.04559999999999999,2.5817403498413105
2019-02-20,2019-02-27,0.019,True,2784.7,2792.38,2730.0,20.0,1.0500000000000003,1.0080000000000002,0.050400000000000014,0.2757927245304881
2019-02-20,2019-02-27,0.022,True,2784.7,2792.38,2720.0,20.0,0.75,0.72,0.036,0.2757927245304881
2019-02-20,2019-02-27,0.025,True,2784.7,2792.38,2720.0,20.0,0.75,0.72,0.036,0.2757927245304881
2019-02-20,2019-02-27,0.028,True,2784.7,2792.38,2710.0,20.0,0.5499999999999998,0.5279999999999998,0.02639999999999999,0.2757927245304881
2019-02-28,2019-03-06,0.019,True,2784.49,2771.45,2730.0,20.0,1.0,0.96,0.048,-0.46830837963145466
2019-02-28,2019-03-06,0.022,True,2784.49,2771.45,2720.0,20.0,0.8,0.768,0.038400000000000004,-0.46830837963145466
2019-02-28,2019-03-06,0.025,True,2784.49,2771.45,2710.0,20.0,0.5999999999999999,0.5759999999999998,0.028799999999999992,-0.46830837963145466
2019-02-28,2019-03-06,0.028,True,2784.49,2771.45,2710.0,20.0,0.5999999999999999,0.5759999999999998,0.028799999999999992,-0.46830837963145466
2019-03-07,2019-03-13,0.019,False,2748.93,2810.92,2700.0,20.0,1.8999999999999995,1.8239999999999994,0.09119999999999998,2.2550592412320603
2019-03-07,2019-03-13,0.022,False,2748.93,2810.92,2690.0,20.0,1.4000000000000004,1.3440000000000003,0.06720000000000001,2.2550592412320603
2019-03-07,2019-03-13,0.025,False,2748.93,2810.92,2680.0,20.0,1.1,1.056,0.0528,2.2550592412320603
2019-03-07,2019-03-13,0.028,False,2748.93,2810.92,2670.0,20.0,0.8500000000000001,0.8160000000000001,0.0408,2.2550592412320603
2019-03-14,2019-03-20,0.019,True,2808.48,2824.23,2755.0,20.0,1.0500000000000003,1.0080000000000002,0.050400000000000014,0.5608015723807869
2019-03-14,2019-03-20,0.022,True,2808.48,2824.23,2745.0,20.0,0.7000000000000002,0.6720000000000002,0.033600000000000005,0.5608015723807869
2019-03-14,2019-03-20,0.025,True,2808.48,2824.23,2735.0,20.0,0.5,0.48,0.024,0.5608015723807869
2019-03-14,2019-03-20,0.028,True,2808.48,2824.23,2725.0,20.0,0.3500000000000001,0.3360000000000001,0.016800000000000002,0.5608015723807869
2019-03-21,2019-03-27,0.019,True,2854.88,2805.37,2805.0,20.0,1.1500000000000004,1.1040000000000003,0.05520000000000001,-1.7342235050159749
2019-03-21,2019-03-27,0.022,True,2854.88,2805.37,2795.0,20.0,0.7999999999999998,0.7679999999999998,0.03839999999999999,-1.7342235050159749
2019-03-21,2019-03-27,0.025,True,2854.88,2805.37,2785.0,20.0,0.55,0.528,0.0264,-1.7342235050159749
2019-03-21,2019-03-27,0.028,True,2854.88,2805.37,2775.0,20.0,0.3999999999999999,0.3839999999999999,0.019199999999999995,-1.7342235050159749
2019-03-28,2019-04-03,0.019,True,2815.44,2873.4,2765.0,20.0,1.6,1.536,0.07680000000000001,2.0586480265962104
2019-03-28,2019-04-03,0.022,True,2815.44,2873.4,2755.0,20.0,1.15,1.1039999999999999,0.05519999999999999,2.0586480265962104
2019-03-28,2019-04-03,0.025,True,2815.44,2873.4,2745.0,20.0,0.7999999999999998,0.7679999999999998,0.03839999999999999,2.0586480265962104
2019-03-28,2019-04-03,0.028,True,2815.44,2873.4,2735.0,20.0,0.5,0.48,0.024,2.0586480265962104
2019-04-04,2019-04-10,0.019,True,2879.39,2888.21,2825.0,20.0,0.8500000000000001,0.8160000000000001,0.0408,0.30631487919317024
2019-04-04,2019-04-10,0.022,True,2879.39,2888.21,2815.0,20.0,0.55,0.528,0.0264,0.30631487919317024
2019-04-04,2019-04-10,0.025,True,2879.39,2888.21,2805.0,20.0,0.3500000000000001,0.3360000000000001,0.016800000000000002,0.30631487919317024
2019-04-04,2019-04-10,0.028,True,2879.39,2888.21,2795.0,20.0,0.25,0.24,0.012,0.30631487919317024
2019-04-11,2019-04-18,0.019,True,2888.32,2905.03,2835.0,20.0,0.75,0.72,0.036,0.5785370042100668
2019-04-11,2019-04-18,0.022,True,2888.32,2905.03,2825.0,20.0,0.44999999999999996,0.43199999999999994,0.021599999999999998,0.5785370042100668
2019-04-11,2019-04-18,0.025,True,2888.32,2905.03,2815.0,20.0,0.30000000000000004,0.28800000000000003,0.014400000000000001,0.5785370042100668
2019-04-11,2019-04-18,0.028,True,2888.32,2905.03,2805.0,20.0,0.2500000000000001,0.2400000000000001,0.012000000000000005,0.5785370042100668
2019-04-22,2019-04-29,0.019,True,2907.97,2943.03,2850.0,20.0,0.5499999999999998,0.5279999999999998,0.02639999999999999,1.205652052806605
2019-04-22,2019-04-29,0.022,True,2907.97,2943.03,2840.0,20.0,0.3999999999999999,0.3839999999999999,0.019199999999999995,1.205652052806605
2019-04-22,2019-04-29,0.025,True,2907.97,2943.03,2840.0,20.0,0.3999999999999999,0.3839999999999999,0.019199999999999995,1.205652052806605
2019-04-22,2019-04-29,0.028,True,2907.97,2943.03,2830.0,20.0,0.29999999999999993,0.2879999999999999,0.014399999999999996,1.205652052806605
2019-04-30,2019-05-06,0.019,True,2945.83,2932.47,2890.0,20.0,0.6499999999999999,0.6239999999999999,0.031199999999999995,-0.45352243680050197
2019-04-30,2019-05-06,0.022,True,2945.83,2932.47,2880.0,20.0,0.3999999999999999,0.3839999999999999,0.019199999999999995,-0.45352243680050197
2019-04-30,2019-05-06,0.025,True,2945.83,2932.47,2870.0,20.0,0.25,0.24,0.012,-0.45352243680050197
2019-04-30,2019-05-06,0.028,True,2945.83,2932.47,2860.0,20.0,0.10000000000000009,0.09600000000000009,0.004800000000000004,-0.45352243680050197
2019-05-07,2019-05-13,0.019,True,2884.05,2811.87,2830.0,20.0,2.5,-15.730000000000109,-0.7865000000000054,-2.502730535184905
2019-05-07,2019-05-13,0.022,True,2884.05,2811.87,2820.0,20.0,2.0999999999999996,-6.114000000000109,-0.30570000000000547,-2.502730535184905
2019-05-07,2019-05-13,0.025,True,2884.05,2811.87,2810.0,20.0,1.7999999999999998,1.7279999999999998,0.08639999999999999,-2.502730535184905
2019-05-07,2019-05-13,0.028,True,2884.05,2811.87,2800.0,20.0,1.5,1.44,0.072,-2.502730535184905
2019-05-14,2019-05-20,0.019,True,2834.41,2840.23,2780.0,20.0,2.3000000000000007,2.2080000000000006,0.11040000000000003,0.20533373788549358
2019-05-14,2019-05-20,0.022,True,2834.41,2840.23,2770.0,20.0,1.8000000000000007,1.7280000000000006,0.08640000000000003,0.20533373788549358
2019-05-14,2019-05-20,0.025,True,2834.41,2840.23,2760.0,20.0,1.5,1.44,0.072,0.20533373788549358
2019-05-14,2019-05-20,0.028,True,2834.41,2840.23,2760.0,20.0,1.5,1.44,0.072,0.20533373788549358
2019-05-21,2019-05-28,0.019,True,2864.36,2802.39,2810.0,20.0,1.6499999999999995,-6.026000000000128,-0.3013000000000064,-2.1634850367970637
2019-05-21,2019-05-28,0.022,True,2864.36,2802.39,2800.0,20.0,1.25,1.2,0.06,-2.1634850367970637
2019-05-21,2019-05-28,0.025,True,2864.36,2802.39,2790.0,20.0,0.8999999999999999,0.8639999999999999,0.043199999999999995,-2.1634850367970637
2019-05-21,2019-05-28,0.028,True,2864.36,2802.39,2780.0,20.0,0.6499999999999999,0.6239999999999999,0.031199999999999995,-2.1634850367970637
2019-05-29,2019-06-05,0.019,True,2783.02,2826.15,2735.0,20.0,3.3999999999999995,3.2639999999999993,0.16319999999999996,1.5497553017944643
2019-05-29,2019-06-05,0.022,True,2783.02,2826.15,2725.0,20.0,2.8999999999999995,2.7839999999999994,0.13919999999999996,1.5497553017944643
2019-05-29,2019-06-05,0.025,True,2783.02,2826.15,2715.0,20.0,2.3999999999999995,2.3039999999999994,0.11519999999999997,1.5497553017944643
2019-05-29,2019-06-05,0.028,True,2783.02,2826.15,2705.0,20.0,1.9,1.8239999999999998,0.09119999999999999,1.5497553017944643
2019-06-06,2019-06-12,0.019,True,2843.49,2879.84,2790.0,20.0,1.9,1.8239999999999998,0.09119999999999999,1.2783586367457023
2019-06-06,2019-06-12,0.022,True,2843.49,2879.84,2780.0,20.0,1.4,1.3439999999999999,0.0672,1.2783586367457023
2019-06-06,2019-06-12,0.025,True,2843.49,2879.84,2770.0,20.0,1.1500000000000001,1.104,0.055200000000000006,1.2783586367457023
2019-06-06,2019-06-12,0.028,True,2843.49,2879.84,2765.0,20.0,0.9499999999999997,0.9119999999999997,0.04559999999999999,1.2783586367457023
2019-06-13,2019-06-19,0.019,True,2891.64,2926.46,2835.0,20.0,1.6499999999999995,1.5839999999999994,0.07919999999999996,1.2041609605621728
2019-06-13,2019-06-19,0.022,True,2891.64,2926.46,2830.0,20.0,1.4500000000000002,1.3920000000000001,0.06960000000000001,1.2041609605621728
2019-06-13,2019-06-19,0.025,True,2891.64,2926.46,2820.0,20.0,1.0500000000000003,1.0080000000000002,0.050400000000000014,1.2041609605621728
2019-06-13,2019-06-19,0.028,True,2891.64,2926.46,2810.0,20.0,0.7499999999999998,0.7199999999999998,0.03599999999999999,1.2041609605621728
2019-07-01,2019-07-08,0.019,True,2964.33,2975.95,2910.0,20.0,1.0500000000000003,1.0080000000000002,0.050400000000000014,0.39199414370194585
2019-07-01,2019-07-08,0.022,True,2964.33,2975.95,2900.0,20.0,0.7499999999999998,0.7199999999999998,0.03599999999999999,0.39199414370194585
2019-07-01,2019-07-08,0.025,True,2964.33,2975.95,2890.0,20.0,0.5,0.48,0.024,0.39199414370194585
2019-07-01,2019-07-08,0.028,True,2964.33,2975.95,2880.0,20.0,0.34999999999999987,0.33599999999999985,0.016799999999999992,0.39199414370194585
2019-07-09,2019-07-15,0.019,True,2979.63,3014.3,2925.0,20.0,0.8999999999999999,0.8639999999999999,0.043199999999999995,1.1635672885559556
2019-07-09,2019-07-15,0.022,True,2979.63,3014.3,2915.0,20.0,0.6000000000000001,0.5760000000000001,0.028800000000000003,1.1635672885559556
2019-07-09,2019-07-15,0.025,True,2979.63,3014.3,2905.0,20.0,0.40000000000000013,0.3840000000000001,0.019200000000000005,1.1635672885559556
2019-07-09,2019-07-15,0.028,True,2979.63,3014.3,2895.0,20.0,0.30000000000000004,0.28800000000000003,0.014400000000000001,1.1635672885559556
2019-07-16,2019-07-22,0.019,True,3004.04,2985.03,2945.0,20.0,0.5,0.48,0.024,-0.6328144765049615
2019-07-16,2019-07-22,0.022,True,3004.04,2985.03,2940.0,20.0,0.3999999999999999,0.3839999999999999,0.019199999999999995,-0.6328144765049615
2019-07-16,2019-07-22,0.025,True,3004.04,2985.03,2930.0,20.0,0.25,0.24,0.012,-0.6328144765049615
2019-07-16,2019-07-22,0.028,True,3004.04,2985.03,2920.0,20.0,0.15000000000000013,0.14400000000000013,0.007200000000000007,-0.6328144765049615
2019-07-23,2019-07-29,0.019,True,3005.47,3020.97,2950.0,20.0,0.75,0.72,0.036,0.5157263256662104
2019-07-23,2019-07-29,0.022,True,3005.47,3020.97,2940.0,20.0,0.4999999999999999,0.47999999999999987,0.023999999999999994,0.5157263256662104
2019-07-23,2019-07-29,0.025,True,3005.47,3020.97,2930.0,20.0,0.30000000000000004,0.28800000000000003,0.014400000000000001,0.5157263256662104
2019-07-23,2019-07-29,0.028,True,3005.47,3020.97,2920.0,20.0,0.20000000000000007,0.19200000000000006,0.009600000000000003,0.5157263256662104
2019-07-30,2019-08-05,0.019,True,3013.18,2844.74,2955.0,20.0,1.8999999999999995,-18.176000000000002,-0.9088,-5.590107461220373
2019-07-30,2019-08-05,0.022,True,3013.18,2844.74,2945.0,20.0,1.4,-18.656,-0.9328,-5.590107461220373
2019-07-30,2019-08-05,0.025,True,3013.18,2844.74,2940.0,20.0,1.25,-18.8,-0.9400000000000001,-5.590107461220373
2019-07-30,2019-08-05,0.028,True,3013.18,2844.74,2930.0,20.0,0.8500000000000001,-19.184,-0.9592,-5.590107461220373
2019-08-06,2019-08-12,0.019,True,2881.77,2883.09,2825.0,20.0,3.0,2.88,0.144,0.045805182231761776
2019-08-06,2019-08-12,0.022,True,2881.77,2883.09,2820.0,20.0,2.799999999999999,2.687999999999999,0.13439999999999994,0.045805182231761776
2019-08-06,2019-08-12,0.025,True,2881.77,2883.09,2810.0,20.0,2.5,2.4,0.12,0.045805182231761776
2019-08-06,2019-08-12,0.028,True,2881.77,2883.09,2800.0,20.0,2.0999999999999996,2.0159999999999996,0.10079999999999997,0.045805182231761776
2019-08-13,2019-08-19,0.019,True,2926.32,2923.65,2870.0,20.0,2.0999999999999996,2.0159999999999996,0.10079999999999997,-0.09124087591241281
2019-08-13,2019-08-19,0.022,True,2926.32,2923.65,2860.0,20.0,1.7999999999999998,1.7279999999999998,0.08639999999999999,-0.09124087591241281
2019-08-13,2019-08-19,0.025,True,2926.32,2923.65,2855.0,20.0,1.7000000000000002,1.6320000000000001,0.0816,-0.09124087591241281
2019-08-13,2019-08-19,0.028,True,2926.32,2923.65,2845.0,20.0,1.4000000000000004,1.3440000000000003,0.06720000000000001,-0.09124087591241281
2019-08-20,2019-08-26,0.019,True,2900.51,2878.38,2845.0,20.0,2.7,2.592,0.1296,-0.7629692709213209
2019-08-20,2019-08-26,0.022,True,2900.51,2878.38,2835.0,20.0,2.3000000000000007,2.2080000000000006,0.11040000000000003,-0.7629692709213209
2019-08-20,2019-08-26,0.025,True,2900.51,2878.38,2830.0,20.0,2.2,2.112,0.1056,-0.7629692709213209
2019-08-20,2019-08-26,0.028,True,2900.51,2878.38,2820.0,20.0,1.8000000000000003,1.7280000000000002,0.0864,-0.7629692709213209
2019-08-27,2019-09-03,0.019,True,2869.16,2906.27,2815.0,20.0,3.4000000000000004,3.2640000000000002,0.1632,1.2934099178853797
2019-08-27,2019-09-03,0.022,True,2869.16,2906.27,2805.0,20.0,2.9000000000000004,2.7840000000000003,0.13920000000000002,1.2934099178853797
2019-08-27,2019-09-03,0.025,True,2869.16,2906.27,2795.0,20.0,2.5,2.4,0.12,1.2934099178853797
2019-08-27,2019-09-03,0.028,True,2869.16,2906.27,2790.0,20.0,2.3,2.2079999999999997,0.11039999999999998,1.2934099178853797
2019-09-04,2019-09-11,0.019,True,2937.78,3000.93,2880.0,20.0,2.0,1.92,0.096,2.149582337683542
2019-09-04,2019-09-11,0.022,True,2937.78,3000.93,2875.0,20.0,1.8999999999999995,1.8239999999999994,0.09119999999999998,2.149582337683542
2019-09-04,2019-09-11,0.025,True,2937.78,3000.93,2865.0,20.0,1.4999999999999996,1.4399999999999995,0.07199999999999998,2.149582337683542
2019-09-04,2019-09-11,0.028,True,2937.78,3000.93,2855.0,20.0,1.25,1.2,0.06,2.149582337683542
2019-09-12,2019-09-18,0.019,True,3009.57,3006.73,2950.0,20.0,1.0500000000000003,1.0080000000000002,0.050400000000000014,-0.09436564027419658
2019-09-12,2019-09-18,0.022,True,3009.57,3006.73,2945.0,20.0,0.9500000000000002,0.9120000000000001,0.04560000000000001,-0.09436564027419658
2019-09-12,2019-09-18,0.025,True,3009.57,3006.73,2935.0,20.0,0.7000000000000002,0.6720000000000002,0.033600000000000005,-0.09436564027419658
2019-09-12,2019-09-18,0.028,True,3009.57,3006.73,2925.0,20.0,0.5499999999999998,0.5279999999999998,0.02639999999999999,-0.09436564027419658
2019-09-19,2019-09-25,0.019,True,3006.79,2984.87,2950.0,20.0,0.9499999999999997,0.9119999999999997,0.04559999999999999,-0.7290166589618896
2019-09-19,2019-09-25,0.022,True,3006.79,2984.87,2940.0,20.0,0.8000000000000003,0.7680000000000002,0.03840000000000001,-0.7290166589618896
2019-09-19,2019-09-25,0.025,True,3006.79,2984.87,2930.0,20.0,0.6000000000000001,0.5760000000000001,0.028800000000000003,-0.7290166589618896
2019-09-19,2019-09-25,0.028,True,3006.79,2984.87,2925.0,20.0,0.5000000000000002,0.4800000000000002,0.02400000000000001,-0.7290166589618896
2019-09-26,2019-10-02,0.019,True,2977.62,2887.61,2920.0,20.0,1.5,-18.56,-0.9279999999999999,-3.022884048333896
2019-09-26,2019-10-02,0.022,True,2977.62,2887.61,2910.0,20.0,1.1,-18.944,-0.9471999999999999,-3.022884048333896
2019-09-26,2019-10-02,0.025,True,2977.62,2887.61,2905.0,20.0,0.9500000000000002,-16.477999999999874,-0.8238999999999936,-3.022884048333896
2019-09-26,2019-10-02,0.028,True,2977.62,2887.61,2895.0,20.0,0.7999999999999998,-6.621999999999873,-0.3310999999999936,-3.022884048333896
2019-10-03,2019-10-09,0.019,True,2910.63,2919.4,2855.0,20.0,2.8,2.6879999999999997,0.1344,0.3013093385280774
2019-10-03,2019-10-09,0.022,True,2910.63,2919.4,2845.0,20.0,2.3,2.2079999999999997,0.11039999999999998,0.3013093385280774
2019-10-03,2019-10-09,0.025,True,2910.63,2919.4,2840.0,20.0,2.2,2.112,0.1056,0.3013093385280774
2019-10-03,2019-10-09,0.028,True,2910.63,2919.4,2830.0,20.0,1.7999999999999998,1.7279999999999998,0.08639999999999999,0.3013093385280774
2019-10-10,2019-10-16,0.019,True,2938.13,2989.69,2880.0,20.0,2.5999999999999996,2.4959999999999996,0.12479999999999998,1.7548576815865857
2019-10-10,2019-10-16,0.022,True,2938.13,2989.69,2875.0,20.0,2.4000000000000004,2.3040000000000003,0.11520000000000001,1.7548576815865857
2019-10-10,2019-10-16,0.025,True,2938.13,2989.69,2865.0,20.0,2.0,1.92,0.096,1.7548576815865857
2019-10-10,2019-10-16,0.028,True,2938.13,2989.69,2855.0,20.0,1.5999999999999996,1.5359999999999996,0.07679999999999998,1.7548576815865857
2019-10-17,2019-10-23,0.019,True,2997.95,3004.52,2940.0,20.0,0.9999999999999998,0.9599999999999997,0.04799999999999999,0.21914975233077172
2019-10-17,2019-10-23,0.022,True,2997.95,3004.52,2930.0,20.0,0.7,0.6719999999999999,0.0336,0.21914975233077172
2019-10-17,2019-10-23,0.025,True,2997.95,3004.52,2925.0,20.0,0.5499999999999998,0.5279999999999998,0.02639999999999999,0.21914975233077172
2019-10-17,2019-10-23,0.028,True,2997.95,3004.52,2915.0,20.0,0.4,0.384,0.019200000000000002,0.21914975233077172
2019-10-24,2019-10-31,0.019,True,3010.29,3037.56,2955.0,20.0,1.6000000000000005,1.5360000000000005,0.07680000000000002,0.9058927877380496
2019-10-24,2019-10-31,0.022,True,3010.29,3037.56,2945.0,20.0,1.25,1.2,0.06,0.9058927877380496
2019-10-24,2019-10-31,0.025,True,3010.29,3037.56,2935.0,20.0,0.95,0.9119999999999999,0.045599999999999995,0.9058927877380496
2019-10-24,2019-10-31,0.028,True,3010.29,3037.56,2925.0,20.0,0.7499999999999998,0.7199999999999998,0.03599999999999999,0.9058927877380496
2019-11-01,2019-11-08,0.019,True,3066.91,3093.08,3010.0,20.0,0.8999999999999999,0.8639999999999999,0.043199999999999995,0.8533018575699991
2019-11-01,2019-11-08,0.022,True,3066.91,3093.08,3000.0,20.0,0.55,0.528,0.0264,0.8533018575699991
2019-11-01,2019-11-08,0.025,True,3066.91,3093.08,2990.0,20.0,0.3999999999999999,0.3839999999999999,0.019199999999999995,0.8533018575699991
2019-11-01,2019-11-08,0.028,True,3066.91,3093.08,2980.0,20.0,0.25,0.24,0.012,0.8533018575699991
2019-11-11,2019-11-18,0.019,True,3087.01,3122.03,3030.0,20.0,0.7999999999999998,0.7679999999999998,0.03839999999999999,1.1344310514057376
2019-11-11,2019-11-18,0.022,True,3087.01,3122.03,3020.0,20.0,0.5,0.48,0.024,1.1344310514057376
2019-11-11,2019-11-18,0.025,True,3087.01,3122.03,3010.0,20.0,0.40000000000000013,0.3840000000000001,0.019200000000000005,1.1344310514057376
2019-11-11,2019-11-18,0.028,True,3087.01,3122.03,3000.0,20.0,0.20000000000000007,0.19200000000000006,0.009600000000000003,1.1344310514057376
2019-11-19,2019-11-25,0.019,True,3120.18,3133.64,3060.0,20.0,0.6500000000000001,0.6240000000000001,0.031200000000000006,0.43138536879283595
2019-11-19,2019-11-25,0.022,True,3120.18,3133.64,3050.0,20.0,0.4500000000000002,0.43200000000000016,0.021600000000000008,0.43138536879283595
2019-11-19,2019-11-25,0.025,True,3120.18,3133.64,3040.0,20.0,0.30000000000000004,0.28800000000000003,0.014400000000000001,0.43138536879283595
2019-11-19,2019-11-25,0.028,True,3120.18,3133.64,3035.0,20.0,0.2499999999999999,0.23999999999999988,0.011999999999999993,0.43138536879283595
2019-11-26,2019-12-02,0.019,True,3140.52,3113.87,3080.0,20.0,0.3500000000000001,0.3360000000000001,0.016800000000000002,-0.8485855845528745
2019-11-26,2019-12-02,0.022,True,3140.52,3113.87,3070.0,20.0,0.2500000000000001,0.2400000000000001,0.012000000000000005,-0.8485855845528745
2019-11-26,2019-12-02,0.025,True,3140.52,3113.87,3060.0,20.0,0.15000000000000002,0.14400000000000002,0.007200000000000001,-0.8485855845528745
2019-11-26,2019-12-02,0.028,True,3140.52,3113.87,3055.0,20.0,0.10000000000000009,0.09600000000000009,0.004800000000000004,-0.8485855845528745
2019-12-03,2019-12-09,0.019,True,3093.2,3135.96,3035.0,20.0,2.0,1.92,0.096,1.382387171860855
2019-12-03,2019-12-09,0.022,True,3093.2,3135.96,3025.0,20.0,1.5999999999999996,1.5359999999999996,0.07679999999999998,1.382387171860855
2019-12-03,2019-12-09,0.025,True,3093.2,3135.96,3015.0,20.0,1.2499999999999996,1.1999999999999995,0.05999999999999998,1.382387171860855
2019-12-03,2019-12-09,0.028,True,3093.2,3135.96,3005.0,20.0,0.8999999999999999,0.8639999999999999,0.043199999999999995,1.382387171860855
2019-12-10,2019-12-16,0.019,True,3132.52,3191.45,3075.0,20.0,1.9000000000000004,1.8240000000000003,0.09120000000000002,1.8812330009066125
2019-12-10,2019-12-16,0.022,True,3132.52,3191.45,3065.0,20.0,1.5,1.44,0.072,1.8812330009066125
2019-12-10,2019-12-16,0.025,True,3132.52,3191.45,3055.0,20.0,1.2000000000000002,1.1520000000000001,0.057600000000000005,1.8812330009066125
2019-12-10,2019-12-16,0.028,True,3132.52,3191.45,3045.0,20.0,0.9000000000000004,0.8640000000000003,0.043200000000000016,1.8812330009066125
2019-12-17,2019-12-23,0.019,True,3192.52,3224.01,3130.0,20.0,0.5499999999999998,0.5279999999999998,0.02639999999999999,0.9863681355167797
2019-12-17,2019-12-23,0.022,True,3192.52,3224.01,3120.0,20.0,0.34999999999999987,0.33599999999999985,0.016799999999999992,0.9863681355167797
2019-12-17,2019-12-23,0.025,True,3192.52,3224.01,3115.0,20.0,0.25,0.24,0.012,0.9863681355167797
2019-12-17,2019-12-23,0.028,True,3192.52,3224.01,3105.0,20.0,0.1499999999999999,0.1439999999999999,0.0071999999999999955,0.9863681355167797
2019-12-24,2019-12-31,0.019,True,3223.38,3230.78,3160.0,20.0,0.3999999999999999,0.3839999999999999,0.019199999999999995,0.22957268457333146
2019-12-24,2019-12-31,0.022,True,3223.38,3230.78,3155.0,20.0,0.3500000000000001,0.3360000000000001,0.016800000000000002,0.22957268457333146
2019-12-24,2019-12-31,0.025,True,3223.38,3230.78,3145.0,20.0,0.30000000000000004,0.28800000000000003,0.014400000000000001,0.22957268457333146
2019-12-24,2019-12-31,0.028,True,3223.38,3230.78,3135.0,20.0,0.19999999999999996,0.19199999999999995,0.009599999999999997,0.22957268457333146
2020-01-02,2020-01-08,0.019,True,3257.85,3253.05,3195.0,20.0,0.55,0.528,0.0264,-0.1473364335374483
2020-01-02,2020-01-08,0.022,True,3257.85,3253.05,3185.0,20.0,0.34999999999999987,0.33599999999999985,0.016799999999999992,-0.1473364335374483
2020-01-02,2020-01-08,0.025,True,3257.85,3253.05,3175.0,20.0,0.2499999999999999,0.23999999999999988,0.011999999999999993,-0.1473364335374483
2020-01-02,2020-01-08,0.028,True,3257.85,3253.05,3165.0,20.0,0.15000000000000002,0.14400000000000002,0.007200000000000001,-0.1473364335374483
2020-01-09,2020-01-15,0.019,True,3274.7,3289.29,3210.0,20.0,0.6500000000000001,0.6240000000000001,0.031200000000000006,0.4455369957553357
2020-01-09,2020-01-15,0.022,True,3274.7,3289.29,3205.0,20.0,0.55,0.528,0.0264,0.4455369957553357
2020-01-09,2020-01-15,0.025,True,3274.7,3289.29,3195.0,20.0,0.44999999999999996,0.43199999999999994,0.021599999999999998,0.4455369957553357
2020-01-09,2020-01-15,0.028,True,3274.7,3289.29,3185.0,20.0,0.2999999999999998,0.2879999999999998,0.014399999999999991,0.4455369957553357
2020-01-16,2020-01-22,0.019,True,3316.81,3321.75,3255.0,20.0,0.4500000000000002,0.43200000000000016,0.021600000000000008,0.1489382870891065
2020-01-16,2020-01-22,0.022,True,3316.81,3321.75,3245.0,20.0,0.30000000000000004,0.28800000000000003,0.014400000000000001,0.1489382870891065
2020-01-16,2020-01-22,0.025,True,3316.81,3321.75,3235.0,20.0,0.20000000000000007,0.19200000000000006,0.009600000000000003,0.1489382870891065
2020-01-16,2020-01-22,0.028,True,3316.81,3321.75,3225.0,20.0,0.09999999999999998,0.09599999999999997,0.004799999999999999,0.1489382870891065
2020-01-23,2020-01-29,0.019,True,3325.54,3273.4,3260.0,20.0,0.7999999999999998,0.7679999999999998,0.03839999999999999,-1.567865669936308
2020-01-23,2020-01-29,0.022,True,3325.54,3273.4,3250.0,20.0,0.55,0.528,0.0264,-1.567865669936308
2020-01-23,2020-01-29,0.025,True,3325.54,3273.4,3240.0,20.0,0.40000000000000013,0.3840000000000001,0.019200000000000005,-1.567865669936308
2020-01-23,2020-01-29,0.028,True,3325.54,3273.4,3230.0,20.0,0.30000000000000004,0.28800000000000003,0.014400000000000001,-1.567865669936308
2020-01-30,2020-02-05,0.019,True,3283.66,3334.69,3220.0,20.0,1.7000000000000002,1.6320000000000001,0.0816,1.5540585809736829
2020-01-30,2020-02-05,0.022,True,3283.66,3334.69,3210.0,20.0,1.5,1.44,0.072,1.5540585809736829
2020-01-30,2020-02-05,0.025,True,3283.66,3334.69,3200.0,20.0,1.2000000000000002,1.1520000000000001,0.057600000000000005,1.5540585809736829
2020-01-30,2020-02-05,0.028,True,3283.66,3334.69,3190.0,20.0,0.8999999999999999,0.8639999999999999,0.043199999999999995,1.5540585809736829
2020-02-06,2020-02-12,0.019,True,3345.78,3379.45,3280.0,20.0,1.3000000000000003,1.2480000000000002,0.06240000000000001,1.0063423177853803
2020-02-06,2020-02-12,0.022,True,3345.78,3379.45,3270.0,20.0,1.0,0.96,0.048,1.0063423177853803
2020-02-06,2020-02-12,0.025,True,3345.78,3379.45,3260.0,20.0,0.75,0.72,0.036,1.0063423177853803
2020-02-06,2020-02-12,0.028,True,3345.78,3379.45,3250.0,20.0,0.6000000000000001,0.5760000000000001,0.028800000000000003,1.0063423177853803
2020-02-13,2020-02-19,0.019,True,3373.94,3386.15,3310.0,20.0,0.9499999999999997,0.9119999999999997,0.04559999999999999,0.3618914384962313
2020-02-13,2020-02-19,0.022,True,3373.94,3386.15,3300.0,20.0,0.7500000000000002,0.7200000000000002,0.03600000000000001,0.3618914384962313
2020-02-13,2020-02-19,0.025,True,3373.94,3386.15,3290.0,20.0,0.5500000000000003,0.5280000000000002,0.026400000000000014,0.3618914384962313
2020-02-13,2020-02-19,0.028,True,3373.94,3386.15,3280.0,20.0,0.40000000000000013,0.3840000000000001,0.019200000000000005,0.3618914384962313
2020-02-20,2020-02-26,0.019,True,3373.23,3116.39,3310.0,20.0,1.3499999999999996,-18.704,-0.9352,-7.614067229332133
2020-02-20,2020-02-26,0.022,True,3373.23,3116.39,3300.0,20.0,1.0,-19.04,-0.952,-7.614067229332133
2020-02-20,2020-02-26,0.025,True,3373.23,3116.39,3290.0,20.0,0.8,-19.232,-0.9616,-7.614067229332133
2020-02-20,2020-02-26,0.028,True,3373.23,3116.39,3280.0,20.0,0.6000000000000001,-19.424,-0.9712,-7.614067229332133
2020-02-27,2020-03-04,0.022,False,2978.76,3130.12,2910.0,20.0,1.3999999999999986,1.3439999999999985,0.06719999999999993,5.08130900106083
2020-02-27,2020-03-04,0.025,False,2978.76,3130.12,2900.0,20.0,1.1999999999999957,1.151999999999996,0.0575999999999998,5.08130900106083
2020-02-27,2020-03-04,0.028,False,2978.76,3130.12,2900.0,20.0,1.1999999999999957,1.151999999999996,0.0575999999999998,5.08130900106083
2020-03-05,2020-03-11,0.019,False,3023.94,2741.38,2965.0,20.0,4.300000000000004,-15.871999999999996,-0.7935999999999999,-9.344100742739602
2020-03-05,2020-03-11,0.022,False,3023.94,2741.38,2955.0,20.0,4.099999999999994,-16.064000000000007,-0.8032000000000004,-9.344100742739602
2020-03-05,2020-03-11,0.025,False,3023.94,2741.38,2950.0,20.0,4.0,-16.16,-0.808,-9.344100742739602
2020-03-05,2020-03-11,0.028,False,3023.94,2741.38,2940.0,20.0,3.799999999999997,-16.352000000000004,-0.8176000000000002,-9.344100742739602
2020-03-12,2020-03-18,0.019,False,2480.64,2398.1,2430.0,20.0,2.0,-18.08,-0.9039999999999999,-3.3273671310629527
2020-03-12,2020-03-18,0.022,False,2480.64,2398.1,2425.0,15.0,0.10000000000000853,-14.903999999999991,-0.9935999999999994,-3.3273671310629527
2020-03-12,2020-03-18,0.025,False,2480.64,2398.1,2420.0,20.0,0.5,-19.52,-0.976,-3.3273671310629527
2020-03-12,2020-03-18,0.028,False,2480.64,2398.1,2410.0,20.0,2.5999999999999943,-9.404000000000096,-0.4702000000000048,-3.3273671310629527
2020-03-19,2020-03-25,0.019,False,2409.39,2475.56,2360.0,20.0,3.700000000000003,3.5520000000000027,0.17760000000000015,2.74633828479407
2020-03-19,2020-03-25,0.022,False,2409.39,2475.56,2360.0,20.0,3.700000000000003,3.5520000000000027,0.17760000000000015,2.74633828479407
2020-03-19,2020-03-25,0.025,False,2409.39,2475.56,2350.0,20.0,3.8999999999999915,3.743999999999992,0.1871999999999996,2.74633828479407
2020-03-19,2020-03-25,0.028,False,2409.39,2475.56,2340.0,15.0,1.2000000000000028,1.1520000000000026,0.07680000000000017,2.74633828479407
2020-03-26,2020-04-01,0.019,False,2630.07,2470.5,2580.0,15.0,3.799999999999997,-11.352000000000004,-0.7568000000000003,-6.067138897443803
2020-03-26,2020-04-01,0.022,False,2630.07,2470.5,2570.0,15.0,3.5,-11.64,-0.776,-6.067138897443803
2020-03-26,2020-04-01,0.025,False,2630.07,2470.5,2565.0,15.0,3.4000000000000057,-11.735999999999995,-0.7823999999999997,-6.067138897443803
2020-03-26,2020-04-01,0.028,False,2630.07,2470.5,2555.0,15.0,3.299999999999997,-11.832000000000003,-0.7888000000000002,-6.067138897443803
2020-04-02,2020-04-09,0.019,False,2526.9,2789.82,2480.0,15.0,3.0,2.88,0.192,10.404843879852788
2020-04-02,2020-04-09,0.022,False,2526.9,2789.82,2470.0,15.0,2.700000000000003,2.5920000000000027,0.17280000000000018,10.404843879852788
2020-04-02,2020-04-09,0.025,False,2526.9,2789.82,2465.0,15.0,3.299999999999997,3.167999999999997,0.2111999999999998,10.404843879852788
2020-04-02,2020-04-09,0.028,False,2526.9,2789.82,2455.0,15.0,3.1000000000000014,2.9760000000000013,0.19840000000000008,10.404843879852788
2020-04-13,2020-04-20,0.019,False,2761.63,2823.16,2710.0,20.0,4.800000000000001,4.6080000000000005,0.23040000000000002,2.228031995596802
2020-04-13,2020-04-20,0.022,False,2761.63,2823.16,2700.0,20.0,4.399999999999999,4.223999999999998,0.21119999999999992,2.228031995596802
2020-04-13,2020-04-20,0.025,False,2761.63,2823.16,2695.0,20.0,4.200000000000003,4.032000000000003,0.20160000000000014,2.228031995596802
2020-04-13,2020-04-20,0.028,False,2761.63,2823.16,2685.0,20.0,3.8999999999999986,3.7439999999999984,0.18719999999999992,2.228031995596802
2020-04-21,2020-04-27,0.019,False,2736.56,2878.48,2685.0,20.0,5.100000000000001,4.896000000000001,0.24480000000000005,5.1860730259888355
2020-04-21,2020-04-27,0.022,False,2736.56,2878.48,2675.0,20.0,4.699999999999999,4.512,0.22559999999999997,5.1860730259888355
2020-04-21,2020-04-27,0.025,False,2736.56,2878.48,2670.0,20.0,4.5,4.32,0.21600000000000003,5.1860730259888355
2020-04-21,2020-04-27,0.028,False,2736.56,2878.48,2660.0,20.0,4.199999999999999,4.031999999999999,0.20159999999999995,5.1860730259888355
2020-04-28,2020-05-04,0.019,False,2863.39,2842.74,2810.0,20.0,3.8999999999999986,3.7439999999999984,0.18719999999999992,-0.7211731548968259
2020-04-28,2020-05-04,0.022,False,2863.39,2842.74,2800.0,20.0,3.6000000000000014,3.4560000000000013,0.17280000000000006,-0.7211731548968259
2020-04-28,2020-05-04,0.025,False,2863.39,2842.74,2790.0,20.0,3.099999999999998,2.9759999999999978,0.14879999999999988,-0.7211731548968259
2020-04-28,2020-05-04,0.028,False,2863.39,2842.74,2785.0,20.0,2.8000000000000007,2.6880000000000006,0.13440000000000002,-0.7211731548968259
2020-05-05,2020-05-11,0.019,False,2868.44,2930.32,2815.0,20.0,4.399999999999999,4.223999999999998,0.21119999999999992,2.157270153811841
2020-05-05,2020-05-11,0.022,False,2868.44,2930.32,2805.0,20.0,3.8000000000000007,3.6480000000000006,0.18240000000000003,2.157270153811841
2020-05-05,2020-05-11,0.025,False,2868.44,2930.32,2795.0,20.0,3.4000000000000004,3.2640000000000002,0.1632,2.157270153811841
2020-05-05,2020-05-11,0.028,False,2868.44,2930.32,2790.0,20.0,3.3000000000000007,3.1680000000000006,0.15840000000000004,2.157270153811841
2020-05-12,2020-05-18,0.019,False,2870.12,2953.91,2815.0,20.0,4.199999999999999,4.031999999999999,0.20159999999999995,2.919390130029398
2020-05-12,2020-05-18,0.022,False,2870.12,2953.91,2805.0,20.0,3.799999999999997,3.647999999999997,0.18239999999999984,2.919390130029398
2020-05-12,2020-05-18,0.025,False,2870.12,2953.91,2800.0,20.0,3.5,3.36,0.16799999999999998,2.919390130029398
2020-05-12,2020-05-18,0.028,False,2870.12,2953.91,2790.0,20.0,3.0999999999999996,2.9759999999999995,0.1488,2.919390130029398
2020-05-19,2020-05-26,0.019,False,2922.94,2991.77,2865.0,20.0,3.799999999999999,3.647999999999999,0.18239999999999995,2.354820831081028
2020-05-19,2020-05-26,0.022,False,2922.94,2991.77,2860.0,20.0,3.5,3.36,0.16799999999999998,2.354820831081028
2020-05-19,2020-05-26,0.025,False,2922.94,2991.77,2850.0,20.0,3.0999999999999996,2.9759999999999995,0.1488,2.354820831081028
2020-05-19,2020-05-26,0.028,False,2922.94,2991.77,2840.0,20.0,2.700000000000001,2.592000000000001,0.12960000000000005,2.354820831081028
2020-05-27,2020-06-03,0.019,True,3036.13,3122.87,2980.0,20.0,3.5,3.36,0.16799999999999998,2.856926416194283
2020-05-27,2020-06-03,0.022,True,3036.13,3122.87,2970.0,20.0,3.1999999999999993,3.071999999999999,0.15359999999999996,2.856926416194283
2020-05-27,2020-06-03,0.025,True,3036.13,3122.87,2960.0,20.0,2.6999999999999993,2.591999999999999,0.12959999999999997,2.856926416194283
2020-05-27,2020-06-03,0.028,True,3036.13,3122.87,2950.0,20.0,2.4000000000000004,2.3040000000000003,0.11520000000000001,2.856926416194283
2020-06-04,2020-06-10,0.019,True,3112.35,3190.14,3055.0,20.0,3.200000000000001,3.072000000000001,0.15360000000000004,2.499397561328265
2020-06-04,2020-06-10,0.022,True,3112.35,3190.14,3045.0,20.0,2.6999999999999993,2.591999999999999,0.12959999999999997,2.499397561328265
2020-06-04,2020-06-10,0.025,True,3112.35,3190.14,3035.0,20.0,2.3,2.2079999999999997,0.11039999999999998,2.499397561328265
2020-06-04,2020-06-10,0.028,True,3112.35,3190.14,3025.0,20.0,1.8999999999999995,1.8239999999999994,0.09119999999999998,2.499397561328265
2020-06-11,2020-06-17,0.019,False,3002.1,3113.49,2945.0,20.0,4.299999999999997,4.1279999999999974,0.20639999999999986,3.7104027180973276
2020-06-11,2020-06-17,0.022,False,3002.1,3113.49,2935.0,20.0,3.900000000000002,3.744000000000002,0.1872000000000001,3.7104027180973276
2020-06-11,2020-06-17,0.025,False,3002.1,3113.49,2925.0,20.0,3.5,3.36,0.16799999999999998,3.7104027180973276
2020-06-11,2020-06-17,0.028,False,3002.1,3113.49,2920.0,20.0,3.5,3.36,0.16799999999999998,3.7104027180973276
2020-06-18,2020-06-24,0.019,True,3115.34,3050.3301,3055.0,20.0,3.8000000000000007,-1.02189999999987,-0.05109499999999349,-2.086767415434587
2020-06-18,2020-06-24,0.022,True,3115.34,3050.3301,3045.0,20.0,3.3999999999999986,3.2639999999999985,0.16319999999999993,-2.086767415434587
2020-06-18,2020-06-24,0.025,True,3115.34,3050.3301,3035.0,20.0,3.099999999999998,2.9759999999999978,0.14879999999999988,-2.086767415434587
2020-06-18,2020-06-24,0.028,True,3115.34,3050.3301,3030.0,20.0,3.0,2.88,0.144,-2.086767415434587
2020-06-25,2020-07-02,0.019,True,3083.76,3130.01,3025.0,20.0,4.099999999999998,3.9359999999999977,0.1967999999999999,1.499792461151328
2020-06-25,2020-07-02,0.022,True,3083.76,3130.01,3015.0,20.0,3.8000000000000007,3.6480000000000006,0.18240000000000003,1.499792461151328
2020-06-25,2020-07-02,0.025,True,3083.76,3130.01,3005.0,20.0,3.6000000000000014,3.4560000000000013,0.17280000000000006,1.499792461151328
2020-06-25,2020-07-02,0.028,True,3083.76,3130.01,2995.0,20.0,3.1999999999999993,3.071999999999999,0.15359999999999996,1.499792461151328
2020-07-06,2020-07-13,0.019,True,3179.72,3155.22,3120.0,20.0,3.4000000000000004,3.2640000000000002,0.1632,-0.7705080950523913
2020-07-06,2020-07-13,0.022,True,3179.72,3155.22,3110.0,20.0,2.8000000000000007,2.6880000000000006,0.13440000000000002,-0.7705080950523913
2020-07-06,2020-07-13,0.025,True,3179.72,3155.22,3100.0,20.0,2.5,2.4,0.12,-0.7705080950523913
2020-07-06,2020-07-13,0.028,True,3179.72,3155.22,3090.0,20.0,2.200000000000001,2.112000000000001,0.10560000000000005,-0.7705080950523913
2020-07-14,2020-07-20,0.019,True,3197.52,3251.8401,3135.0,20.0,3.5000000000000018,3.3600000000000017,0.1680000000000001,1.6988197102754565
2020-07-14,2020-07-20,0.022,True,3197.52,3251.8401,3125.0,20.0,3.0999999999999996,2.9759999999999995,0.1488,1.6988197102754565
2020-07-14,2020-07-20,0.025,True,3197.52,3251.8401,3120.0,20.0,3.0,2.88,0.144,1.6988197102754565
2020-07-14,2020-07-20,0.028,True,3197.52,3251.8401,3110.0,20.0,2.6000000000000014,2.4960000000000013,0.12480000000000006,1.6988197102754565
2020-07-21,2020-07-27,0.019,True,3257.3,3239.4099,3195.0,20.0,2.7,2.592,0.1296,-0.5492309581555332
2020-07-21,2020-07-27,0.022,True,3257.3,3239.4099,3185.0,20.0,2.3000000000000007,2.2080000000000006,0.11040000000000003,-0.5492309581555332
2020-07-21,2020-07-27,0.025,True,3257.3,3239.4099,3175.0,20.0,2.0,1.92,0.096,-0.5492309581555332
2020-07-21,2020-07-27,0.028,True,3257.3,3239.4099,3165.0,20.0,1.7000000000000002,1.6320000000000001,0.0816,-0.5492309581555332
2020-07-28,2020-08-03,0.019,True,3218.44,3294.6101,3155.0,20.0,3.0999999999999996,2.9759999999999995,0.1488,2.366677645070281
2020-07-28,2020-08-03,0.022,True,3218.44,3294.6101,3150.0,20.0,2.9000000000000004,2.7840000000000003,0.13920000000000002,2.366677645070281
2020-07-28,2020-08-03,0.025,True,3218.44,3294.6101,3140.0,20.0,2.5,2.4,0.12,2.366677645070281
2020-07-28,2020-08-03,0.028,True,3218.44,3294.6101,3130.0,20.0,2.2,2.112,0.1056,2.366677645070281
2020-08-04,2020-08-10,0.019,True,3306.51,3360.47,3245.0,20.0,2.500000000000001,2.400000000000001,0.12000000000000004,1.6319321580760215
2020-08-04,2020-08-10,0.022,True,3306.51,3360.47,3235.0,20.0,2.0,1.92,0.096,1.6319321580760215
2020-08-04,2020-08-10,0.025,True,3306.51,3360.47,3225.0,20.0,1.6999999999999993,1.6319999999999992,0.08159999999999996,1.6319321580760215
2020-08-04,2020-08-10,0.028,True,3306.51,3360.47,3215.0,20.0,1.3999999999999995,1.3439999999999994,0.06719999999999997,1.6319321580760215
2020-08-11,2020-08-17,0.019,True,3333.69,3381.99,3270.0,20.0,2.5999999999999996,2.4959999999999996,0.12479999999999998,1.448844973587815
2020-08-11,2020-08-17,0.022,True,3333.69,3381.99,3260.0,20.0,2.1999999999999993,2.111999999999999,0.10559999999999996,1.448844973587815
2020-08-11,2020-08-17,0.025,True,3333.69,3381.99,3250.0,20.0,1.9000000000000004,1.8240000000000003,0.09120000000000002,1.448844973587815
2020-08-11,2020-08-17,0.028,True,3333.69,3381.99,3240.0,20.0,1.7000000000000002,1.6320000000000001,0.0816,1.448844973587815
2020-08-18,2020-08-24,0.019,True,3389.78,3431.28,3325.0,20.0,1.5999999999999996,1.5359999999999996,0.07679999999999998,1.2242682415968043
2020-08-18,2020-08-24,0.022,True,3389.78,3431.28,3315.0,20.0,1.1999999999999997,1.1519999999999997,0.057599999999999985,1.2242682415968043
2020-08-18,2020-08-24,0.025,True,3389.78,3431.28,3305.0,20.0,1.0000000000000004,0.9600000000000004,0.04800000000000002,1.2242682415968043
2020-08-18,2020-08-24,0.028,True,3389.78,3431.28,3295.0,20.0,0.8000000000000003,0.7680000000000002,0.03840000000000001,1.2242682415968043
2020-08-25,2020-08-31,0.019,True,3443.62,3500.3101,3380.0,25.0,2.0,1.92,0.0768,1.646235647371097
2020-08-25,2020-08-31,0.022,True,3443.62,3500.3101,3370.0,25.0,1.6,1.536,0.06144,1.646235647371097
2020-08-25,2020-08-31,0.025,True,3443.62,3500.3101,3360.0,25.0,1.4000000000000004,1.3440000000000003,0.05376000000000001,1.646235647371097
2020-08-25,2020-08-31,0.028,True,3443.62,3500.3101,3345.0,25.0,1.0500000000000003,1.0080000000000002,0.04032000000000001,1.646235647371097
2020-09-01,2020-09-08,0.019,True,3526.65,3331.84,3460.0,25.0,2.5,-22.6,-0.904,-5.523939149050793
2020-09-01,2020-09-08,0.022,True,3526.65,3331.84,3450.0,25.0,2.2,-22.887999999999998,-0.9155199999999999,-5.523939149050793
2020-09-01,2020-09-08,0.025,True,3526.65,3331.84,3440.0,25.0,1.7999999999999998,-23.272,-0.9308799999999999,-5.523939149050793
2020-09-01,2020-09-08,0.028,True,3526.65,3331.84,3430.0,25.0,1.5,-23.56,-0.9423999999999999,-5.523939149050793
2020-09-09,2020-09-16,0.019,True,3331.84,3385.49,3270.0,20.0,2.1999999999999993,2.111999999999999,0.10559999999999996,1.6102213791778563
2020-09-09,2020-09-16,0.022,True,3331.84,3385.49,3260.0,20.0,2.0,1.92,0.096,1.6102213791778563
2020-09-09,2020-09-16,0.025,True,3331.84,3385.49,3250.0,20.0,1.8000000000000007,1.7280000000000006,0.08640000000000003,1.6102213791778563
2020-09-09,2020-09-16,0.028,True,3331.84,3385.49,3240.0,20.0,1.6000000000000014,1.5360000000000014,0.07680000000000006,1.6102213791778563
2020-09-17,2020-09-23,0.019,True,3357.01,3236.9199,3295.0,20.0,3.299999999999999,-16.832,-0.8416,-3.5772934843804505
2020-09-17,2020-09-23,0.022,True,3357.01,3236.9199,3285.0,20.0,2.9000000000000004,-17.216,-0.8608,-3.5772934843804505
2020-09-17,2020-09-23,0.025,True,3357.01,3236.9199,3275.0,20.0,2.5,-17.6,-0.8800000000000001,-3.5772934843804505
2020-09-17,2020-09-23,0.028,True,3357.01,3236.9199,3265.0,20.0,2.0999999999999996,-17.984,-0.8992000000000001,-3.5772934843804505
2020-09-24,2020-09-30,0.019,True,3246.59,3363.0,3185.0,20.0,3.6999999999999993,3.551999999999999,0.17759999999999995,3.585608284384545
2020-09-24,2020-09-30,0.022,True,3246.59,3363.0,3175.0,20.0,3.200000000000001,3.072000000000001,0.15360000000000004,3.585608284384545
2020-09-24,2020-09-30,0.025,True,3246.59,3363.0,3165.0,20.0,2.6999999999999993,2.591999999999999,0.12959999999999997,3.585608284384545
2020-09-24,2020-09-30,0.028,True,3246.59,3363.0,3155.0,20.0,2.4000000000000004,2.3040000000000003,0.11520000000000001,3.585608284384545
2020-10-01,2020-10-07,0.019,True,3380.8,3419.4399,3315.0,20.0,3.5999999999999996,3.4559999999999995,0.17279999999999998,1.1429217936582914
2020-10-01,2020-10-07,0.022,True,3380.8,3419.4399,3305.0,20.0,3.200000000000001,3.072000000000001,0.15360000000000004,1.1429217936582914
2020-10-01,2020-10-07,0.025,True,3380.8,3419.4399,3295.0,20.0,2.8000000000000007,2.6880000000000006,0.13440000000000002,1.1429217936582914
2020-10-01,2020-10-07,0.028,True,3380.8,3419.4399,3285.0,20.0,2.5,2.4,0.12,1.1429217936582914
2020-10-08,2020-10-14,0.019,True,3446.83,3488.6699,3380.0,25.0,3.1999999999999993,3.071999999999999,0.12287999999999996,1.213866074044856
2020-10-08,2020-10-14,0.022,True,3446.83,3488.6699,3370.0,25.0,2.6999999999999993,2.591999999999999,0.10367999999999997,1.213866074044856
2020-10-08,2020-10-14,0.025,True,3446.83,3488.6699,3360.0,25.0,2.3,2.2079999999999997,0.08832,1.213866074044856
2020-10-08,2020-10-14,0.028,True,3446.83,3488.6699,3350.0,25.0,1.9000000000000004,1.8240000000000003,0.07296000000000001,1.213866074044856
2020-10-15,2020-10-21,0.019,True,3483.34,3435.5601,3415.0,25.0,3.4000000000000004,3.2640000000000002,0.13056,-1.3716691451308272
2020-10-15,2020-10-21,0.022,True,3483.34,3435.5601,3405.0,25.0,2.9000000000000004,2.7840000000000003,0.11136000000000001,-1.3716691451308272
2020-10-15,2020-10-21,0.025,True,3483.34,3435.5601,3395.0,25.0,2.5,2.4,0.096,-1.3716691451308272
2020-10-15,2020-10-21,0.028,True,3483.34,3435.5601,3385.0,25.0,2.1000000000000005,2.0160000000000005,0.08064000000000002,-1.3716691451308272
2020-10-22,2020-10-28,0.019,True,3453.49,3271.03,3390.0,25.0,4.300000000000001,-20.872,-0.83488,-5.283351044885021
2020-10-22,2020-10-28,0.022,True,3453.49,3271.03,3380.0,25.0,3.7,-21.448,-0.85792,-5.283351044885021
2020-10-22,2020-10-28,0.025,True,3453.49,3271.03,3365.0,25.0,2.8000000000000007,-22.311999999999998,-0.8924799999999999,-5.283351044885021
2020-10-22,2020-10-28,0.028,True,3453.49,3271.03,3355.0,25.0,2.3999999999999995,-22.696,-0.9078400000000001,-5.283351044885021
2020-10-29,2020-11-04,0.019,True,3310.11,3443.4399,3245.0,20.0,3.700000000000003,3.5520000000000027,0.17760000000000015,4.027959795898006
2020-10-29,2020-11-04,0.022,True,3310.11,3443.4399,3235.0,20.0,3.5,3.36,0.16799999999999998,4.027959795898006
2020-10-29,2020-11-04,0.025,True,3310.11,3443.4399,3225.0,20.0,3.299999999999997,3.167999999999997,0.15839999999999985,4.027959795898006
2020-10-29,2020-11-04,0.028,True,3310.11,3443.4399,3215.0,20.0,3.0,2.88,0.144,4.027959795898006
2020-11-05,2020-11-11,0.019,True,3510.45,3572.6599,3445.0,25.0,4.600000000000001,4.416000000000001,0.17664000000000005,1.7721346266148297
2020-11-05,2020-11-11,0.022,True,3510.45,3572.6599,3435.0,25.0,4.199999999999999,4.031999999999999,0.16127999999999998,1.7721346266148297
2020-11-05,2020-11-11,0.025,True,3510.45,3572.6599,3425.0,25.0,3.799999999999999,3.647999999999999,0.14591999999999994,1.7721346266148297
2020-11-05,2020-11-11,0.028,True,3510.45,3572.6599,3410.0,25.0,3.200000000000001,3.072000000000001,0.12288000000000004,1.7721346266148297
2020-11-12,2020-11-18,0.019,True,3537.01,3567.79,3470.0,25.0,3.5,3.36,0.1344,0.8702265472814608
2020-11-12,2020-11-18,0.022,True,3537.01,3567.79,3460.0,25.0,3.0999999999999996,2.9759999999999995,0.11903999999999998,0.8702265472814608
2020-11-12,2020-11-18,0.025,True,3537.01,3567.79,3450.0,25.0,2.5999999999999996,2.4959999999999996,0.09983999999999998,0.8702265472814608
2020-11-12,2020-11-18,0.028,True,3537.01,3567.79,3440.0,25.0,2.3000000000000007,2.2080000000000006,0.08832000000000002,0.8702265472814608
2020-11-19,2020-11-25,0.019,True,3581.87,3629.6499,3515.0,25.0,3.0999999999999996,2.9759999999999995,0.11903999999999998,1.3339373009070732
2020-11-19,2020-11-25,0.022,True,3581.87,3629.6499,3505.0,25.0,2.7,2.592,0.10368000000000001,1.3339373009070732
2020-11-19,2020-11-25,0.025,True,3581.87,3629.6499,3490.0,25.0,2.0999999999999996,2.0159999999999996,0.08063999999999999,1.3339373009070732
2020-11-19,2020-11-25,0.028,True,3581.87,3629.6499,3480.0,25.0,1.7999999999999998,1.7279999999999998,0.06911999999999999,1.3339373009070732
2020-11-27,2020-12-04,0.019,True,3638.35,3699.12,3570.0,25.0,3.0,2.88,0.1152,1.6702626190443493
2020-11-27,2020-12-04,0.022,True,3638.35,3699.12,3560.0,25.0,2.5999999999999996,2.4959999999999996,0.09983999999999998,1.6702626190443493
2020-11-27,2020-12-04,0.025,True,3638.35,3699.12,3545.0,25.0,2.1000000000000005,2.0160000000000005,0.08064000000000002,1.6702626190443493
2020-11-27,2020-12-04,0.028,True,3638.35,3699.12,3535.0,25.0,1.7999999999999998,1.7279999999999998,0.06911999999999999,1.6702626190443493
2020-12-07,2020-12-14,0.019,True,3691.96,3647.49,3620.0,25.0,2.5999999999999996,2.4959999999999996,0.09983999999999998,-1.204509257955133
2020-12-07,2020-12-14,0.022,True,3691.96,3647.49,3610.0,25.0,2.1000000000000005,2.0160000000000005,0.08064000000000002,-1.204509257955133
2020-12-07,2020-12-14,0.025,True,3691.96,3647.49,3600.0,25.0,1.7999999999999998,1.7279999999999998,0.06911999999999999,-1.204509257955133
2020-12-07,2020-12-14,0.028,True,3691.96,3647.49,3590.0,25.0,1.5,1.44,0.0576,-1.204509257955133
2020-12-15,2020-12-21,0.019,True,3694.62,3694.92,3625.0,25.0,2.6999999999999993,2.591999999999999,0.10367999999999997,0.008119914903303993
2020-12-15,2020-12-21,0.022,True,3694.62,3694.92,3615.0,25.0,2.3000000000000007,2.2080000000000006,0.08832000000000002,0.008119914903303993
2020-12-15,2020-12-21,0.025,True,3694.62,3694.92,3600.0,25.0,1.8999999999999995,1.8239999999999994,0.07295999999999997,0.008119914903303993
2020-12-15,2020-12-21,0.028,True,3694.62,3694.92,3590.0,25.0,1.5999999999999996,1.5359999999999996,0.06143999999999998,0.008119914903303993
2020-12-22,2020-12-28,0.019,True,3687.26,3735.36,3615.0,25.0,2.3,2.2079999999999997,0.08832,1.3044916821705055
2020-12-22,2020-12-28,0.022,True,3687.26,3735.36,3605.0,25.0,1.8999999999999995,1.8239999999999994,0.07295999999999997,1.3044916821705055
2020-12-22,2020-12-28,0.025,True,3687.26,3735.36,3595.0,25.0,1.5,1.44,0.0576,1.3044916821705055
2020-12-22,2020-12-28,0.028,True,3687.26,3735.36,3585.0,25.0,1.2999999999999998,1.2479999999999998,0.04991999999999999,1.3044916821705055
2020-12-29,2021-01-04,0.019,True,3727.04,3700.65,3655.0,25.0,1.7000000000000002,1.6320000000000001,0.06528,-0.7080686013565707
2020-12-29,2021-01-04,0.022,True,3727.04,3700.65,3645.0,25.0,1.3999999999999995,1.3439999999999994,0.053759999999999974,-0.7080686013565707
2020-12-29,2021-01-04,0.025,True,3727.04,3700.65,3635.0,25.0,1.1,1.056,0.04224,-0.7080686013565707
2020-12-29,2021-01-04,0.028,True,3727.04,3700.65,3625.0,25.0,0.9000000000000004,0.8640000000000003,0.034560000000000014,-0.7080686013565707
2021-01-05,2021-01-11,0.019,True,3726.86,3799.61,3655.0,25.0,3.6999999999999993,3.551999999999999,0.14207999999999996,1.9520454216149785
2021-01-05,2021-01-11,0.022,True,3726.86,3799.61,3645.0,25.0,3.3999999999999986,3.2639999999999985,0.13055999999999993,1.9520454216149785
2021-01-05,2021-01-11,0.025,True,3726.86,3799.61,3635.0,25.0,3.0,2.88,0.1152,1.9520454216149785
2021-01-05,2021-01-11,0.028,True,3726.86,3799.61,3625.0,25.0,2.5999999999999996,2.4959999999999996,0.09983999999999998,1.9520454216149785
2021-01-12,2021-01-19,0.019,True,3801.19,3798.91,3730.0,25.0,3.0,2.88,0.1152,-0.05998121640855558
2021-01-12,2021-01-19,0.022,True,3801.19,3798.91,3720.0,25.0,2.5999999999999996,2.4959999999999996,0.09983999999999998,-0.05998121640855558
2021-01-12,2021-01-19,0.025,True,3801.19,3798.91,3705.0,25.0,2.0,1.92,0.0768,-0.05998121640855558
2021-01-12,2021-01-19,0.028,True,3801.19,3798.91,3695.0,25.0,1.6999999999999993,1.6319999999999992,0.06527999999999996,-0.05998121640855558
2021-01-20,2021-01-27,0.019,True,3851.85,3750.77,3780.0,25.0,2.6999999999999993,-22.408,-0.89632,-2.6241935693238294
2021-01-20,2021-01-27,0.022,True,3851.85,3750.77,3765.0,25.0,2.0999999999999996,-12.214000000000018,-0.4885600000000007,-2.6241935693238294
2021-01-20,2021-01-27,0.025,True,3851.85,3750.77,3755.0,25.0,1.7999999999999998,-2.5020000000000184,-0.10008000000000074,-2.6241935693238294
2021-01-20,2021-01-27,0.028,True,3851.85,3750.77,3745.0,25.0,1.5999999999999996,1.5359999999999996,0.06143999999999998,-2.6241935693238294
2021-01-28,2021-02-03,0.019,True,3787.38,3830.17,3715.0,25.0,3.3999999999999986,3.2639999999999985,0.13055999999999993,1.1298047726924665
2021-01-28,2021-02-03,0.022,True,3787.38,3830.17,3705.0,25.0,3.1000000000000014,2.9760000000000013,0.11904000000000005,1.1298047726924665
2021-01-28,2021-02-03,0.025,True,3787.38,3830.17,3695.0,25.0,2.8999999999999986,2.7839999999999985,0.11135999999999995,1.1298047726924665
2021-01-28,2021-02-03,0.028,True,3787.38,3830.17,3680.0,25.0,2.6000000000000014,2.4960000000000013,0.09984000000000005,1.1298047726924665
2021-02-04,2021-02-10,0.019,True,3871.74,3909.88,3800.0,25.0,2.2,2.112,0.08448,0.9850868085150344
2021-02-04,2021-02-10,0.022,True,3871.74,3909.88,3785.0,25.0,1.7000000000000002,1.6320000000000001,0.06528,0.9850868085150344
2021-02-04,2021-02-10,0.025,True,3871.74,3909.88,3775.0,25.0,1.4000000000000004,1.3440000000000003,0.05376000000000001,0.9850868085150344
2021-02-04,2021-02-10,0.028,True,3871.74,3909.88,3765.0,25.0,1.2999999999999998,1.2479999999999998,0.04991999999999999,0.9850868085150344
2021-02-11,2021-02-17,0.019,True,3916.38,3931.33,3840.0,25.0,1.9000000000000004,1.8240000000000003,0.07296000000000001,0.381730067051711
2021-02-11,2021-02-17,0.022,True,3916.38,3931.33,3830.0,25.0,1.5999999999999996,1.5359999999999996,0.06143999999999998,0.381730067051711
2021-02-11,2021-02-17,0.025,True,3916.38,3931.33,3820.0,25.0,1.2999999999999998,1.2479999999999998,0.04991999999999999,0.381730067051711
2021-02-11,2021-02-17,0.028,True,3916.38,3931.33,3805.0,25.0,0.9999999999999996,0.9599999999999995,0.03839999999999998,0.381730067051711
2021-02-18,2021-02-24,0.019,True,3913.97,3925.43,3840.0,25.0,2.3000000000000007,2.2080000000000006,0.08832000000000002,0.2927973387634619
2021-02-18,2021-02-24,0.022,True,3913.97,3925.43,3830.0,25.0,1.9999999999999991,1.919999999999999,0.07679999999999997,0.2927973387634619
2021-02-18,2021-02-24,0.025,True,3913.97,3925.43,3815.0,25.0,1.6000000000000005,1.5360000000000005,0.06144000000000002,0.2927973387634619
2021-02-18,2021-02-24,0.028,True,3913.97,3925.43,3805.0,25.0,1.3999999999999995,1.3439999999999994,0.053759999999999974,0.2927973387634619
2021-02-25,2021-03-03,0.019,True,3829.34,3819.72,3755.0,25.0,3.3999999999999986,3.2639999999999985,0.13055999999999993,-0.25121822559501794
2021-02-25,2021-03-03,0.022,True,3829.34,3819.72,3745.0,25.0,3.400000000000002,3.264000000000002,0.1305600000000001,-0.25121822559501794
2021-02-25,2021-03-03,0.025,True,3829.34,3819.72,3735.0,25.0,3.1000000000000014,2.9760000000000013,0.11904000000000005,-0.25121822559501794
2021-02-25,2021-03-03,0.028,True,3829.34,3819.72,3720.0,25.0,2.5,2.4,0.096,-0.25121822559501794
2021-03-04,2021-03-10,0.019,True,3768.47,3898.81,3695.0,25.0,4.899999999999999,4.703999999999999,0.18815999999999997,3.45869809232926
2021-03-04,2021-03-10,0.022,True,3768.47,3898.81,3685.0,25.0,4.5,4.32,0.1728,3.45869809232926
2021-03-04,2021-03-10,0.025,True,3768.47,3898.81,3675.0,25.0,4.0,3.84,0.1536,3.45869809232926
2021-03-04,2021-03-10,0.028,True,3768.47,3898.81,3665.0,25.0,3.599999999999998,3.4559999999999977,0.13823999999999992,3.45869809232926
2021-03-11,2021-03-17,0.019,True,3939.34,3974.12,3865.0,25.0,3.1000000000000014,2.9760000000000013,0.11904000000000005,0.8828890118649291
2021-03-11,2021-03-17,0.022,True,3939.34,3974.12,3855.0,25.0,2.700000000000001,2.592000000000001,0.10368000000000004,0.8828890118649291
2021-03-11,2021-03-17,0.025,True,3939.34,3974.12,3840.0,25.0,2.000000000000001,1.9200000000000008,0.07680000000000003,0.8828890118649291
2021-03-11,2021-03-17,0.028,True,3939.34,3974.12,3830.0,25.0,1.6999999999999993,1.6319999999999992,0.06527999999999996,0.8828890118649291
2021-03-18,2021-03-24,0.019,True,3915.46,3889.14,3840.0,25.0,2.200000000000001,2.112000000000001,0.08448000000000004,-0.6722070969949923
2021-03-18,2021-03-24,0.022,True,3915.46,3889.14,3830.0,25.0,1.8000000000000007,1.7280000000000006,0.06912000000000003,-0.6722070969949923
2021-03-18,2021-03-24,0.025,True,3915.46,3889.14,3820.0,25.0,1.5999999999999996,1.5359999999999996,0.06143999999999998,-0.6722070969949923
2021-03-18,2021-03-24,0.028,True,3915.46,3889.14,3805.0,10.0,0.2999999999999998,0.2879999999999998,0.028799999999999982,-0.6722070969949923
2021-03-25,2021-04-01,0.019,True,3909.52,4019.87,3835.0,25.0,2.5,2.4,0.096,2.8225971474759026
2021-03-25,2021-04-01,0.022,True,3909.52,4019.87,3825.0,25.0,2.1999999999999993,2.111999999999999,0.08447999999999997,2.8225971474759026
2021-03-25,2021-04-01,0.025,True,3909.52,4019.87,3810.0,25.0,1.6999999999999993,1.6319999999999992,0.06527999999999996,2.8225971474759026
2021-03-25,2021-04-01,0.028,True,3909.52,4019.87,3800.0,15.0,0.7999999999999998,0.7679999999999998,0.05119999999999999,2.8225971474759026
2021-04-05,2021-04-12,0.019,True,4077.91,4127.99,4000.0,25.0,2.0,1.92,0.0768,1.228080070428228
2021-04-05,2021-04-12,0.022,True,4077.91,4127.99,3990.0,25.0,1.5999999999999996,1.5359999999999996,0.06143999999999998,1.228080070428228
2021-04-05,2021-04-12,0.025,True,4077.91,4127.99,3975.0,25.0,1.1,1.056,0.04224,1.228080070428228
2021-04-05,2021-04-12,0.028,True,4077.91,4127.99,3965.0,25.0,0.9999999999999996,0.9599999999999995,0.03839999999999998,1.228080070428228
2021-04-13,2021-04-20,0.019,True,4141.59,4134.94,4065.0,10.0,0.6000000000000001,0.5760000000000001,0.057600000000000005,-0.16056635253611784
2021-04-21,2021-04-28,0.019,True,4173.42,4183.18,4095.0,25.0,2.5999999999999996,2.4959999999999996,0.09983999999999998,0.23386095815902674
2021-04-21,2021-04-28,0.022,True,4173.42,4183.18,4080.0,25.0,1.9000000000000004,1.8240000000000003,0.07296000000000001,0.23386095815902674
2021-04-21,2021-04-28,0.025,True,4173.42,4183.18,4070.0,25.0,1.6999999999999997,1.6319999999999997,0.06527999999999999,0.23386095815902674
2021-04-21,2021-04-28,0.028,True,4173.42,4183.18,4055.0,25.0,1.15,1.1039999999999999,0.04416,0.23386095815902674
2021-04-29,2021-05-06,0.019,True,4211.47,4201.62,4130.0,30.0,1.6999999999999997,1.6319999999999997,0.05439999999999999,-0.23388508050633527
2021-04-29,2021-05-06,0.022,True,4211.47,4201.62,4120.0,30.0,1.2999999999999998,1.2479999999999998,0.04159999999999999,-0.23388508050633527
2021-04-29,2021-05-06,0.025,True,4211.47,4201.62,4105.0,30.0,0.9500000000000002,0.9120000000000001,0.030400000000000003,-0.23388508050633527
2021-04-29,2021-05-06,0.028,True,4211.47,4201.62,4095.0,30.0,0.8500000000000001,0.8160000000000001,0.027200000000000002,-0.23388508050633527
2021-05-07,2021-05-14,0.019,True,4232.6,4173.85,4150.0,30.0,2.0,1.92,0.064,-1.388035722723624
2021-05-07,2021-05-14,0.022,True,4232.6,4173.85,4140.0,30.0,1.7000000000000002,1.6320000000000001,0.054400000000000004,-1.388035722723624
2021-05-07,2021-05-14,0.025,True,4232.6,4173.85,4125.0,15.0,0.5999999999999996,0.5759999999999996,0.038399999999999976,-1.388035722723624
2021-05-17,2021-05-24,0.019,True,4163.29,4197.05,4085.0,25.0,2.9000000000000004,2.7840000000000003,0.11136000000000001,0.8108971510512264
2021-05-17,2021-05-24,0.022,True,4163.29,4197.05,4070.0,25.0,2.4000000000000004,2.3040000000000003,0.09216,0.8108971510512264
2021-05-17,2021-05-24,0.025,True,4163.29,4197.05,4060.0,25.0,2.1000000000000005,2.0160000000000005,0.08064000000000002,0.8108971510512264
2021-05-17,2021-05-24,0.028,True,4163.29,4197.05,4045.0,25.0,1.6999999999999993,1.6319999999999992,0.06527999999999996,0.8108971510512264
2021-05-25,2021-06-01,0.019,True,4188.13,4202.04,4110.0,25.0,2.0,1.92,0.0768,0.33212913639260044
2021-05-25,2021-06-01,0.022,True,4188.13,4202.04,4095.0,25.0,1.5999999999999996,1.5359999999999996,0.06143999999999998,0.33212913639260044
2021-05-25,2021-06-01,0.025,True,4188.13,4202.04,4085.0,25.0,1.3999999999999995,1.3439999999999994,0.053759999999999974,0.33212913639260044
2021-05-25,2021-06-01,0.028,True,4188.13,4202.04,4070.0,25.0,1.0999999999999996,1.0559999999999996,0.042239999999999986,0.33212913639260044
2021-06-10,2021-06-16,0.019,True,4239.18,4223.7,4160.0,30.0,1.4000000000000004,1.3440000000000003,0.04480000000000001,-0.36516496114815666
2021-06-10,2021-06-16,0.022,True,4239.18,4223.7,4145.0,30.0,1.0,0.96,0.032,-0.36516496114815666
2021-06-10,2021-06-16,0.025,True,4239.18,4223.7,4135.0,30.0,0.7999999999999998,0.7679999999999998,0.025599999999999994,-0.36516496114815666
2021-06-10,2021-06-16,0.028,True,4239.18,4223.7,4120.0,30.0,0.6499999999999999,0.6239999999999999,0.020799999999999996,-0.36516496114815666
2021-06-17,2021-06-23,0.019,True,4221.86,4241.84,4140.0,30.0,2.0,1.92,0.064,0.4732511262808492
2021-06-17,2021-06-23,0.022,True,4221.86,4241.84,4130.0,30.0,1.7000000000000002,1.6320000000000001,0.054400000000000004,0.4732511262808492
2021-06-17,2021-06-23,0.025,True,4221.86,4241.84,4115.0,30.0,1.2000000000000002,1.1520000000000001,0.038400000000000004,0.4732511262808492
2021-06-17,2021-06-23,0.028,True,4221.86,4241.84,4105.0,30.0,1.0999999999999996,1.0559999999999996,0.03519999999999999,0.4732511262808492
2021-06-24,2021-06-30,0.019,True,4266.49,4297.5,4185.0,30.0,1.2000000000000002,1.1520000000000001,0.038400000000000004,0.7268269701792285
2021-06-24,2021-06-30,0.022,True,4266.49,4297.5,4175.0,30.0,0.9500000000000002,0.9120000000000001,0.030400000000000003,0.7268269701792285
2021-06-24,2021-06-30,0.025,True,4266.49,4297.5,4160.0,30.0,0.7,0.6719999999999999,0.022399999999999996,0.7268269701792285
2021-06-24,2021-06-30,0.028,True,4266.49,4297.5,4145.0,30.0,0.4999999999999998,0.47999999999999976,0.015999999999999993,0.7268269701792285
2021-07-01,2021-07-07,0.019,True,4319.94,4358.1299,4240.0,30.0,0.95,0.9119999999999999,0.030399999999999996,0.8840377412649314
2021-07-01,2021-07-07,0.022,True,4319.94,4358.1299,4225.0,30.0,0.6499999999999999,0.6239999999999999,0.020799999999999996,0.8840377412649314
2021-07-01,2021-07-07,0.025,True,4319.94,4358.1299,4210.0,30.0,0.44999999999999996,0.43199999999999994,0.014399999999999998,0.8840377412649314
2021-07-01,2021-07-07,0.028,True,4319.94,4358.1299,4200.0,30.0,0.30000000000000004,0.28800000000000003,0.009600000000000001,0.8840377412649314
2021-07-08,2021-07-14,0.019,True,4320.8198,4374.2998,4240.0,30.0,2.6999999999999993,2.591999999999999,0.08639999999999998,1.237728081138667
2021-07-08,2021-07-14,0.022,True,4320.8198,4374.2998,4225.0,30.0,2.1999999999999993,2.111999999999999,0.07039999999999998,1.237728081138667
2021-07-08,2021-07-14,0.025,True,4320.8198,4374.2998,4215.0,30.0,1.9000000000000004,1.8240000000000003,0.06080000000000001,1.237728081138667
2021-07-08,2021-07-14,0.028,True,4320.8198,4374.2998,4200.0,30.0,1.5999999999999996,1.5359999999999996,0.05119999999999999,1.237728081138667
2021-07-15,2021-07-21,0.019,True,4360.0298,4358.6899,4275.0,30.0,2.0,1.92,0.064,-0.030731441330977827
2021-07-15,2021-07-21,0.022,True,4360.0298,4358.6899,4265.0,30.0,1.6000000000000005,1.5360000000000005,0.051200000000000016,-0.030731441330977827
2021-07-15,2021-07-21,0.025,True,4360.0298,4358.6899,4250.0,30.0,1.3000000000000003,1.2480000000000002,0.041600000000000005,-0.030731441330977827
2021-07-15,2021-07-21,0.028,True,4360.0298,4358.6899,4240.0,30.0,0.9999999999999996,0.9599999999999995,0.03199999999999999,-0.030731441330977827
2021-07-22,2021-07-28,0.019,True,4367.48,4400.6401,4285.0,30.0,1.6999999999999997,1.6319999999999997,0.05439999999999999,0.7592501854616351
2021-07-22,2021-07-28,0.022,True,4367.48,4400.6401,4270.0,30.0,1.2999999999999998,1.2479999999999998,0.04159999999999999,0.7592501854616351
2021-07-22,2021-07-28,0.025,True,4367.48,4400.6401,4260.0,30.0,1.1,1.056,0.0352,0.7592501854616351
2021-07-22,2021-07-28,0.028,True,4367.48,4400.6401,4245.0,30.0,0.9000000000000004,0.8640000000000003,0.02880000000000001,0.7592501854616351
2021-07-29,2021-08-04,0.019,True,4419.1499,4402.6602,4335.0,30.0,1.7000000000000002,1.6320000000000001,0.054400000000000004,-0.37314190224685406
2021-07-29,2021-08-04,0.022,True,4419.1499,4402.6602,4320.0,30.0,1.1999999999999997,1.1519999999999997,0.03839999999999999,-0.37314190224685406
2021-07-29,2021-08-04,0.025,True,4419.1499,4402.6602,4310.0,30.0,0.9500000000000002,0.9120000000000001,0.030400000000000003,-0.37314190224685406
2021-07-29,2021-08-04,0.028,True,4419.1499,4402.6602,4295.0,30.0,0.6999999999999997,0.6719999999999997,0.02239999999999999,-0.37314190224685406
2021-08-05,2021-08-11,0.019,True,4429.1001,4447.7002,4345.0,30.0,1.6,1.536,0.0512,0.4199521252635563
2021-08-05,2021-08-11,0.022,True,4429.1001,4447.7002,4330.0,30.0,1.25,1.2,0.04,0.4199521252635563
2021-08-05,2021-08-11,0.025,True,4429.1001,4447.7002,4320.0,30.0,0.9499999999999997,0.9119999999999997,0.03039999999999999,0.4199521252635563
2021-08-05,2021-08-11,0.028,True,4429.1001,4447.7002,4305.0,30.0,0.75,0.72,0.024,0.4199521252635563
2021-08-12,2021-08-18,0.019,True,4460.8301,4400.27,4375.0,30.0,0.9000000000000004,0.8640000000000003,0.02880000000000001,-1.357597098351715
2021-08-12,2021-08-18,0.022,True,4460.8301,4400.27,4365.0,30.0,0.7999999999999998,0.7679999999999998,0.025599999999999994,-1.357597098351715
2021-08-12,2021-08-18,0.025,True,4460.8301,4400.27,4350.0,30.0,0.5,0.48,0.016,-1.357597098351715
2021-08-12,2021-08-18,0.028,True,4460.8301,4400.27,4335.0,30.0,0.3999999999999999,0.3839999999999999,0.012799999999999997,-1.357597098351715
2021-08-19,2021-08-25,0.019,True,4405.7998,4496.1899,4320.0,30.0,3.0,2.88,0.096,2.0516161447009074
2021-08-19,2021-08-25,0.022,True,4405.7998,4496.1899,4310.0,30.0,2.6999999999999993,2.591999999999999,0.08639999999999998,2.0516161447009074
2021-08-19,2021-08-25,0.025,True,4405.7998,4496.1899,4295.0,30.0,2.0999999999999996,2.0159999999999996,0.06719999999999998,2.0516161447009074
2021-08-19,2021-08-25,0.028,True,4405.7998,4496.1899,4280.0,30.0,1.8999999999999995,1.8239999999999994,0.06079999999999998,2.0516161447009074
2021-08-26,2021-09-01,0.019,True,4470.0,4524.0898,4385.0,30.0,2.1000000000000005,2.0160000000000005,0.06720000000000001,1.210062639821019
2021-08-26,2021-09-01,0.022,True,4470.0,4524.0898,4370.0,30.0,1.799999999999999,1.7279999999999989,0.057599999999999964,1.210062639821019
2021-08-26,2021-09-01,0.025,True,4470.0,4524.0898,4360.0,30.0,1.5,1.44,0.048,1.210062639821019
2021-08-26,2021-09-01,0.028,True,4470.0,4524.0898,4345.0,30.0,1.2000000000000002,1.1520000000000001,0.038400000000000004,1.210062639821019
2021-09-02,2021-09-08,0.019,True,4536.9502,4514.0698,4450.0,30.0,0.9499999999999997,0.9119999999999997,0.03039999999999999,-0.5043123462100119
2021-09-02,2021-09-08,0.022,True,4536.9502,4514.0698,4435.0,30.0,0.6999999999999997,0.6719999999999997,0.02239999999999999,-0.5043123462100119
2021-09-02,2021-09-08,0.025,True,4536.9502,4514.0698,4425.0,30.0,0.6000000000000001,0.5760000000000001,0.019200000000000002,-0.5043123462100119
2021-09-02,2021-09-08,0.028,True,4536.9502,4514.0698,4410.0,30.0,0.4500000000000002,0.43200000000000016,0.014400000000000005,-0.5043123462100119
2021-09-09,2021-09-15,0.019,True,4493.2798,4480.7002,4410.0,30.0,2.3,2.2079999999999997,0.07359999999999998,-0.27996475981754143
2021-09-09,2021-09-15,0.022,True,4493.2798,4480.7002,4395.0,30.0,1.7999999999999998,1.7279999999999998,0.05759999999999999,-0.27996475981754143
2021-09-09,2021-09-15,0.025,True,4493.2798,4480.7002,4380.0,30.0,1.4000000000000004,1.3440000000000003,0.04480000000000001,-0.27996475981754143
2021-09-09,2021-09-15,0.028,True,4493.2798,4480.7002,4365.0,30.0,1.0999999999999996,1.0559999999999996,0.03519999999999999,-0.27996475981754143
2021-09-16,2021-09-22,0.019,True,4473.75,4395.6401,4390.0,30.0,2.299999999999999,2.207999999999999,0.07359999999999996,-1.745960324112894
2021-09-16,2021-09-22,0.022,True,4473.75,4395.6401,4375.0,30.0,1.7000000000000002,1.6320000000000001,0.054400000000000004,-1.745960324112894
2021-09-16,2021-09-22,0.025,True,4473.75,4395.6401,4360.0,30.0,1.3999999999999995,1.3439999999999994,0.04479999999999998,-1.745960324112894
2021-09-16,2021-09-22,0.028,True,4473.75,4395.6401,4350.0,30.0,1.2000000000000002,1.1520000000000001,0.038400000000000004,-1.745960324112894
2021-09-23,2021-09-30,0.019,True,4448.98,4307.54,4365.0,30.0,2.799999999999999,-27.312,-0.9104,-3.1791556716370906
2021-09-23,2021-09-30,0.022,True,4448.98,4307.54,4350.0,30.0,2.3000000000000007,-27.791999999999998,-0.9263999999999999,-3.1791556716370906
2021-09-23,2021-09-30,0.025,True,4448.98,4307.54,4340.0,30.0,2.0,-28.08,-0.9359999999999999,-3.1791556716370906
2021-09-23,2021-09-30,0.028,True,4448.98,4307.54,4325.0,30.0,1.6000000000000005,-15.924000000000035,-0.5308000000000012,-3.1791556716370906
2021-10-01,2021-10-08,0.019,True,4357.04,4391.3398,4275.0,30.0,4.499999999999998,4.3199999999999985,0.14399999999999996,0.7872271083120497
2021-10-01,2021-10-08,0.022,True,4357.04,4391.3398,4260.0,30.0,4.0,3.84,0.128,0.7872271083120497
2021-10-01,2021-10-08,0.025,True,4357.04,4391.3398,4250.0,30.0,3.6000000000000014,3.4560000000000013,0.11520000000000004,0.7872271083120497
2021-10-01,2021-10-08,0.028,True,4357.04,4391.3398,4235.0,30.0,2.999999999999999,2.879999999999999,0.09599999999999996,0.7872271083120497
2021-10-11,2021-10-18,0.019,True,4361.1899,4486.46,4280.0,30.0,4.699999999999999,4.512,0.15039999999999998,2.8723835208368076
2021-10-11,2021-10-18,0.022,True,4361.1899,4486.46,4265.0,30.0,4.0,3.84,0.128,2.8723835208368076
2021-10-11,2021-10-18,0.025,True,4361.1899,4486.46,4250.0,30.0,3.4000000000000004,3.2640000000000002,0.10880000000000001,2.8723835208368076
2021-10-11,2021-10-18,0.028,True,4361.1899,4486.46,4240.0,30.0,3.0999999999999996,2.9759999999999995,0.09919999999999998,2.8723835208368076
2021-10-19,2021-10-25,0.019,True,4519.6299,4566.48,4435.0,30.0,1.25,1.2,0.04,1.0365915138316861
2021-10-19,2021-10-25,0.022,True,4519.6299,4566.48,4420.0,30.0,0.9500000000000002,0.9120000000000001,0.030400000000000003,1.0365915138316861
2021-10-19,2021-10-25,0.025,True,4519.6299,4566.48,4405.0,30.0,0.7,0.6719999999999999,0.022399999999999996,1.0365915138316861
2021-10-19,2021-10-25,0.028,True,4519.6299,4566.48,4395.0,30.0,0.6000000000000001,0.5760000000000001,0.019200000000000002,1.0365915138316861
2021-10-26,2021-11-01,0.019,True,4574.79,4613.6699,4490.0,30.0,1.4999999999999996,1.4399999999999995,0.04799999999999998,0.8498728903403086
2021-10-26,2021-11-01,0.022,True,4574.79,4613.6699,4475.0,30.0,1.1499999999999995,1.1039999999999994,0.03679999999999998,0.8498728903403086
2021-10-26,2021-11-01,0.025,True,4574.79,4613.6699,4460.0,30.0,0.7999999999999998,0.7679999999999998,0.025599999999999994,0.8498728903403086
2021-10-26,2021-11-01,0.028,True,4574.79,4613.6699,4445.0,30.0,0.6000000000000001,0.5760000000000001,0.019200000000000002,0.8498728903403086
2021-11-02,2021-11-08,0.019,True,4630.6499,4701.7002,4545.0,30.0,2.4000000000000004,2.3040000000000003,0.07680000000000001,1.5343483427671778
2021-11-02,2021-11-08,0.022,True,4630.6499,4701.7002,4530.0,30.0,1.9,1.8239999999999998,0.06079999999999999,1.5343483427671778
2021-11-02,2021-11-08,0.025,True,4630.6499,4701.7002,4515.0,30.0,1.4500000000000002,1.3920000000000001,0.046400000000000004,1.5343483427671778
2021-11-02,2021-11-08,0.028,True,4630.6499,4701.7002,4500.0,30.0,1.0499999999999998,1.0079999999999998,0.03359999999999999,1.5343483427671778
2021-11-09,2021-11-15,0.019,True,4685.25,4682.7998,4595.0,30.0,2.2,2.112,0.0704,-0.05229603543034367
2021-11-09,2021-11-15,0.022,True,4685.25,4682.7998,4580.0,30.0,1.6999999999999997,1.6319999999999997,0.05439999999999999,-0.05229603543034367
2021-11-09,2021-11-15,0.025,True,4685.25,4682.7998,4570.0,30.0,1.3499999999999996,1.2959999999999996,0.04319999999999999,-0.05229603543034367
2021-11-09,2021-11-15,0.028,True,4685.25,4682.7998,4555.0,30.0,0.9499999999999997,0.9119999999999997,0.03039999999999999,-0.05229603543034367
2021-11-16,2021-11-22,0.019,True,4700.8999,4682.9399,4610.0,30.0,1.2999999999999998,1.2479999999999998,0.04159999999999999,-0.3820545083293547
2021-11-16,2021-11-22,0.022,True,4700.8999,4682.9399,4595.0,30.0,0.9000000000000004,0.8640000000000003,0.02880000000000001,-0.3820545083293547
2021-11-16,2021-11-22,0.025,True,4700.8999,4682.9399,4585.0,30.0,0.7,0.6719999999999999,0.022399999999999996,-0.3820545083293547
2021-11-16,2021-11-22,0.028,True,4700.8999,4682.9399,4570.0,30.0,0.4999999999999998,0.47999999999999976,0.015999999999999993,-0.3820545083293547
2021-11-23,2021-11-30,0.019,True,4690.7002,4567.0,4600.0,30.0,2.500000000000001,-27.599999999999998,-0.9199999999999999,-2.6371372018190398
2021-11-23,2021-11-30,0.022,True,4690.7002,4567.0,4590.0,30.0,1.9999999999999991,-21.080000000000002,-0.7026666666666668,-2.6371372018190398
2021-11-23,2021-11-30,0.025,True,4690.7002,4567.0,4575.0,30.0,1.6000000000000005,-6.4639999999999995,-0.21546666666666664,-2.6371372018190398
2021-11-23,2021-11-30,0.028,True,4690.7002,4567.0,4560.0,30.0,1.3000000000000007,1.2480000000000007,0.04160000000000002,-2.6371372018190398
2021-12-01,2021-12-08,0.019,True,4513.04,4701.21,4425.0,30.0,6.199999999999996,5.9519999999999955,0.19839999999999985,4.169473348341701
2021-12-01,2021-12-08,0.022,True,4513.04,4701.21,4415.0,30.0,5.699999999999996,5.471999999999996,0.18239999999999987,4.169473348341701
2021-12-01,2021-12-08,0.025,True,4513.04,4701.21,4400.0,30.0,4.9999999999999964,4.799999999999996,0.15999999999999986,4.169473348341701
2021-12-01,2021-12-08,0.028,True,4513.04,4701.21,4385.0,30.0,4.5,4.32,0.14400000000000002,4.169473348341701
2021-12-09,2021-12-15,0.019,True,4667.4502,4709.8501,4580.0,30.0,3.3999999999999986,3.2639999999999985,0.10879999999999995,0.9084167625398321
2021-12-09,2021-12-15,0.022,True,4667.4502,4709.8501,4565.0,30.0,2.8999999999999986,2.7839999999999985,0.09279999999999995,0.9084167625398321
2021-12-09,2021-12-15,0.025,True,4667.4502,4709.8501,4550.0,30.0,2.4000000000000004,2.3040000000000003,0.07680000000000001,0.9084167625398321
2021-12-09,2021-12-15,0.028,True,4667.4502,4709.8501,4535.0,30.0,2.0,1.92,0.064,0.9084167625398321
2021-12-16,2021-12-23,0.019,True,4668.6699,4725.79,4580.0,30.0,4.0,3.84,0.128,1.223476947899016
2021-12-16,2021-12-23,0.022,True,4668.6699,4725.79,4565.0,30.0,3.299999999999999,3.167999999999999,0.10559999999999996,1.223476947899016
2021-12-16,2021-12-23,0.025,True,4668.6699,4725.79,4550.0,30.0,2.8999999999999986,2.7839999999999985,0.09279999999999995,1.223476947899016
2021-12-16,2021-12-23,0.028,True,4668.6699,4725.79,4540.0,30.0,2.5999999999999996,2.4959999999999996,0.08319999999999998,1.223476947899016
2021-12-27,2022-01-03,0.019,True,4791.1899,4796.5601,4700.0,30.0,1.9000000000000004,1.8240000000000003,0.06080000000000001,0.11208489147966905
2021-12-27,2022-01-03,0.022,True,4791.1899,4796.5601,4685.0,30.0,1.4,1.3439999999999999,0.04479999999999999,0.11208489147966905
2021-12-27,2022-01-03,0.025,True,4791.1899,4796.5601,4670.0,30.0,1.1999999999999997,1.1519999999999997,0.03839999999999999,0.11208489147966905
2021-12-27,2022-01-03,0.028,True,4791.1899,4796.5601,4655.0,30.0,0.8499999999999996,0.8159999999999996,0.027199999999999988,0.11208489147966905
2022-01-04,2022-01-10,0.019,True,4793.54,4670.29,4700.0,30.0,1.6500000000000004,-28.126000000000037,-0.9375333333333346,-2.57116869787255
2022-01-04,2022-01-10,0.022,True,4793.54,4670.29,4690.0,30.0,1.35,-18.414000000000037,-0.6138000000000012,-2.57116869787255
2022-01-04,2022-01-10,0.025,True,4793.54,4670.29,4675.0,30.0,0.9499999999999997,-3.7980000000000365,-0.1266000000000012,-2.57116869787255
2022-01-04,2022-01-10,0.028,True,4793.54,4670.29,4660.0,30.0,0.6499999999999999,0.6239999999999999,0.020799999999999996,-2.57116869787255
2022-01-11,2022-01-18,0.019,True,4713.0698,4577.1099,4625.0,30.0,3.299999999999999,-26.832,-0.8944,-2.884741914919231
2022-01-11,2022-01-18,0.022,True,4713.0698,4577.1099,4610.0,30.0,2.6999999999999993,-27.408,-0.9136000000000001,-2.884741914919231
2022-01-11,2022-01-18,0.025,True,4713.0698,4577.1099,4595.0,30.0,2.299999999999999,-15.682099999999622,-0.5227366666666541,-2.884741914919231
2022-01-11,2022-01-18,0.028,True,4713.0698,4577.1099,4580.0,30.0,1.7999999999999998,-1.1620999999996204,-0.03873666666665401,-2.884741914919231
2022-01-19,2022-01-26,0.019,True,4532.7598,4349.9302,4445.0,30.0,5.600000000000001,-24.624,-0.8208,-4.033516181466313
2022-01-19,2022-01-26,0.022,True,4532.7598,4349.9302,4435.0,30.0,5.100000000000001,-25.104,-0.8368,-4.033516181466313
2022-01-19,2022-01-26,0.025,True,4532.7598,4349.9302,4420.0,30.0,4.399999999999999,-25.776000000000003,-0.8592000000000001,-4.033516181466313
2022-01-19,2022-01-26,0.028,True,4532.7598,4349.9302,4405.0,30.0,3.9000000000000004,-26.256,-0.8752,-4.033516181466313
2022-01-27,2022-02-02,0.019,False,4326.5098,4589.3799,4245.0,30.0,6.9999999999999964,6.719999999999996,0.22399999999999987,6.075800406137999
2022-01-27,2022-02-02,0.022,False,4326.5098,4589.3799,4230.0,30.0,6.399999999999999,6.143999999999998,0.20479999999999995,6.075800406137999
2022-01-27,2022-02-02,0.025,False,4326.5098,4589.3799,4220.0,30.0,6.0,5.76,0.192,6.075800406137999
2022-01-27,2022-02-02,0.028,False,4326.5098,4589.3799,4205.0,30.0,5.5,5.279999999999999,0.176,6.075800406137999
2022-02-03,2022-02-09,0.019,True,4477.4399,4587.1802,4390.0,30.0,3.9000000000000004,3.744,0.12480000000000001,2.450960871635588
2022-02-03,2022-02-09,0.022,True,4477.4399,4587.1802,4380.0,30.0,3.4000000000000004,3.2640000000000002,0.10880000000000001,2.450960871635588
2022-02-03,2022-02-09,0.025,True,4477.4399,4587.1802,4365.0,30.0,2.9000000000000004,2.7840000000000003,0.09280000000000001,2.450960871635588
2022-02-03,2022-02-09,0.028,True,4477.4399,4587.1802,4350.0,30.0,2.5,2.4,0.08,2.450960871635588
2022-02-10,2022-02-16,0.019,True,4504.0801,4475.0098,4420.0,30.0,5.599999999999998,5.375999999999998,0.17919999999999991,-0.6454214701909988
2022-02-10,2022-02-16,0.022,True,4504.0801,4475.0098,4405.0,30.0,5.0,4.8,0.16,-0.6454214701909988
2022-02-10,2022-02-16,0.025,True,4504.0801,4475.0098,4390.0,30.0,4.300000000000001,4.128,0.1376,-0.6454214701909988
2022-02-10,2022-02-16,0.028,True,4504.0801,4475.0098,4380.0,30.0,3.9000000000000004,3.744,0.12480000000000001,-0.6454214701909988
2022-02-17,2022-02-23,0.019,False,4380.2598,4225.5,4295.0,30.0,6.100000000000001,-24.144,-0.8048,-3.533119199915946
2022-02-17,2022-02-23,0.022,False,4380.2598,4225.5,4285.0,30.0,5.699999999999999,-24.528,-0.8176,-3.533119199915946
2022-02-17,2022-02-23,0.025,False,4380.2598,4225.5,4270.0,30.0,5.0,-25.2,-0.84,-3.533119199915946
2022-02-17,2022-02-23,0.028,False,4380.2598,4225.5,4260.0,30.0,4.600000000000001,-25.584,-0.8528,-3.533119199915946
2022-02-24,2022-03-02,0.019,False,4288.7002,4386.54,4205.0,30.0,6.400000000000002,6.144000000000002,0.20480000000000007,2.2813392272092115
2022-02-24,2022-03-02,0.022,False,4288.7002,4386.54,4195.0,30.0,6.0,5.76,0.192,2.2813392272092115
2022-02-24,2022-03-02,0.025,False,4288.7002,4386.54,4180.0,30.0,5.300000000000001,5.088,0.1696,2.2813392272092115
2022-02-24,2022-03-02,0.028,False,4288.7002,4386.54,4170.0,30.0,5.0,4.8,0.16,2.2813392272092115
2022-03-03,2022-03-09,0.019,False,4363.4902,4277.8799,4280.0,30.0,5.700000000000003,3.351899999999909,0.11172999999999697,-1.9619684261007464
2022-03-03,2022-03-09,0.022,False,4363.4902,4277.8799,4265.0,30.0,5.300000000000001,5.088,0.1696,-1.9619684261007464
2022-03-03,2022-03-09,0.025,False,4363.4902,4277.8799,4255.0,30.0,4.799999999999997,4.607999999999997,0.1535999999999999,-1.9619684261007464
2022-03-03,2022-03-09,0.028,False,4363.4902,4277.8799,4240.0,30.0,4.300000000000001,4.128,0.1376,-1.9619684261007464
2022-03-10,2022-03-16,0.019,False,4259.52,4357.8599,4180.0,30.0,7.0,6.72,0.224,2.3087084929757307
2022-03-10,2022-03-16,0.022,False,4259.52,4357.8599,4165.0,30.0,6.199999999999999,5.951999999999999,0.19839999999999997,2.3087084929757307
2022-03-10,2022-03-16,0.025,False,4259.52,4357.8599,4155.0,30.0,5.800000000000001,5.5680000000000005,0.18560000000000001,2.3087084929757307
2022-03-10,2022-03-16,0.028,False,4259.52,4357.8599,4140.0,30.0,5.199999999999999,4.991999999999999,0.16639999999999996,2.3087084929757307
2022-03-17,2022-03-23,0.019,False,4411.6699,4456.2402,4330.0,30.0,5.100000000000001,4.896000000000001,0.16320000000000004,1.010281843616645
2022-03-17,2022-03-23,0.022,False,4411.6699,4456.2402,4315.0,30.0,4.5,4.32,0.14400000000000002,1.010281843616645
2022-03-17,2022-03-23,0.025,False,4411.6699,4456.2402,4300.0,30.0,4.0,3.84,0.128,1.010281843616645
2022-03-17,2022-03-23,0.028,False,4411.6699,4456.2402,4290.0,30.0,3.5999999999999996,3.4559999999999995,0.11519999999999998,1.010281843616645
2022-03-24,2022-03-31,0.019,True,4520.1602,4530.4102,4435.0,30.0,4.800000000000001,4.6080000000000005,0.15360000000000001,0.22676187450170193
2022-03-24,2022-03-31,0.022,True,4520.1602,4530.4102,4420.0,30.0,4.100000000000001,3.9360000000000013,0.13120000000000004,0.22676187450170193
2022-03-24,2022-03-31,0.025,True,4520.1602,4530.4102,4405.0,30.0,3.4000000000000004,3.2640000000000002,0.10880000000000001,0.22676187450170193
2022-03-24,2022-03-31,0.028,True,4520.1602,4530.4102,4395.0,30.0,3.0999999999999996,2.9759999999999995,0.09919999999999998,0.22676187450170193
2022-04-01,2022-04-08,0.019,True,4545.8599,4488.2798,4460.0,30.0,3.6999999999999993,3.551999999999999,0.11839999999999998,-1.2666492427538367
2022-04-01,2022-04-08,0.022,True,4545.8599,4488.2798,4445.0,30.0,2.9000000000000004,2.7840000000000003,0.09280000000000001,-1.2666492427538367
2022-04-01,2022-04-08,0.025,True,4545.8599,4488.2798,4430.0,30.0,2.1000000000000005,2.0160000000000005,0.06720000000000001,-1.2666492427538367
2022-04-01,2022-04-08,0.028,True,4545.8599,4488.2798,4420.0,30.0,1.7999999999999998,1.7279999999999998,0.05759999999999999,-1.2666492427538367
2022-04-11,2022-04-18,0.019,False,4412.5298,4391.6899,4330.0,30.0,5.4,5.184,0.1728,-0.4722891616505298
2022-04-11,2022-04-18,0.022,False,4412.5298,4391.6899,4315.0,30.0,4.399999999999999,4.223999999999998,0.14079999999999995,-0.4722891616505298
2022-04-11,2022-04-18,0.025,False,4412.5298,4391.6899,4300.0,30.0,3.6999999999999993,3.551999999999999,0.11839999999999998,-0.4722891616505298
2022-04-11,2022-04-18,0.028,False,4412.5298,4391.6899,4290.0,30.0,3.299999999999999,3.167999999999999,0.10559999999999996,-0.4722891616505298
2022-04-19,2022-04-26,0.019,False,4462.21,4175.2002,4375.0,30.0,5.800000000000001,-24.432,-0.8143999999999999,-6.43201014743815
2022-04-19,2022-04-26,0.022,False,4462.21,4175.2002,4365.0,30.0,5.199999999999999,-25.008000000000003,-0.8336000000000001,-6.43201014743815
2022-04-19,2022-04-26,0.025,False,4462.21,4175.2002,4350.0,30.0,4.4,-25.776,-0.8592,-6.43201014743815
2022-04-19,2022-04-26,0.028,False,4462.21,4175.2002,4335.0,30.0,3.6999999999999993,-26.448,-0.8816,-6.43201014743815
2022-04-27,2022-05-04,0.019,False,4183.96,4300.1699,4105.0,25.0,5.599999999999994,5.375999999999994,0.21503999999999976,2.7775098232296624
2022-04-27,2022-05-04,0.022,False,4183.96,4300.1699,4090.0,25.0,5.099999999999998,4.895999999999998,0.19583999999999993,2.7775098232296624
2022-04-27,2022-05-04,0.025,False,4183.96,4300.1699,4080.0,25.0,4.800000000000001,4.6080000000000005,0.18432,2.7775098232296624
2022-04-27,2022-05-04,0.028,False,4183.96,4300.1699,4065.0,25.0,4.399999999999999,4.223999999999998,0.16895999999999994,2.7775098232296624
2022-05-05,2022-05-11,0.019,False,4146.8701,3935.1799,4070.0,25.0,6.5,-18.759999999999998,-0.7504,-5.104818692054036
2022-05-05,2022-05-11,0.022,False,4146.8701,3935.1799,4055.0,25.0,5.800000000000001,-19.432,-0.77728,-5.104818692054036
2022-05-05,2022-05-11,0.025,False,4146.8701,3935.1799,4045.0,25.0,5.5,-19.72,-0.7888,-5.104818692054036
2022-05-05,2022-05-11,0.028,False,4146.8701,3935.1799,4030.0,25.0,4.899999999999999,-20.296,-0.81184,-5.104818692054036
2022-05-12,2022-05-19,0.019,False,3930.0801,3900.79,3860.0,30.0,8.300000000000004,7.9680000000000035,0.2656000000000001,-0.7452799753368988
2022-05-12,2022-05-19,0.022,False,3930.0801,3900.79,3840.0,30.0,7.300000000000001,7.008,0.2336,-0.7452799753368988
2022-05-12,2022-05-19,0.025,False,3930.0801,3900.79,3830.0,30.0,6.799999999999997,6.527999999999997,0.2175999999999999,-0.7452799753368988
2022-05-12,2022-05-19,0.028,False,3930.0801,3900.79,3820.0,20.0,4.200000000000003,4.032000000000003,0.20160000000000014,-0.7452799753368988
2022-05-20,2022-05-27,0.019,False,3901.3601,4158.2402,3825.0,25.0,6.5,6.24,0.24960000000000002,6.584372972902464
2022-05-20,2022-05-27,0.022,False,3901.3601,4158.2402,3815.0,25.0,6.0,5.76,0.2304,6.584372972902464
2022-05-20,2022-05-27,0.025,False,3901.3601,4158.2402,3805.0,25.0,5.600000000000001,5.376000000000001,0.21504000000000004,6.584372972902464
2022-05-20,2022-05-27,0.028,False,3901.3601,4158.2402,3790.0,25.0,5.0,4.8,0.192,6.584372972902464
2022-05-31,2022-06-07,0.019,False,4132.1499,4160.6802,4050.0,25.0,5.599999999999998,5.375999999999998,0.2150399999999999,0.6904468785123186
2022-05-31,2022-06-07,0.022,False,4132.1499,4160.6802,4040.0,25.0,5.199999999999999,4.991999999999999,0.19967999999999997,0.6904468785123186
2022-05-31,2022-06-07,0.025,False,4132.1499,4160.6802,4030.0,25.0,4.800000000000001,4.6080000000000005,0.18432,0.6904468785123186
2022-05-31,2022-06-07,0.028,False,4132.1499,4160.6802,4015.0,25.0,4.199999999999999,4.031999999999999,0.16127999999999998,0.6904468785123186
2022-06-08,2022-06-15,0.019,False,4115.77,3789.99,4040.0,25.0,5.899999999999999,-19.336000000000002,-0.7734400000000001,-7.915408295410109
2022-06-08,2022-06-15,0.022,False,4115.77,3789.99,4025.0,25.0,5.199999999999999,-20.008000000000003,-0.8003200000000001,-7.915408295410109
2022-06-08,2022-06-15,0.025,False,4115.77,3789.99,4015.0,25.0,4.700000000000001,-20.488,-0.81952,-7.915408295410109
2022-06-08,2022-06-15,0.028,False,4115.77,3789.99,4000.0,25.0,4.0,-21.16,-0.8464,-7.915408295410109
2022-06-16,2022-06-23,0.019,False,3666.77,3795.73,3600.0,25.0,6.0,5.76,0.2304,3.5169917938676187
2022-06-16,2022-06-23,0.022,False,3666.77,3795.73,3590.0,15.0,3.3000000000000043,3.168000000000004,0.21120000000000028,3.5169917938676187
2022-06-16,2022-06-23,0.025,False,3666.77,3795.73,3575.0,25.0,5.0,4.8,0.192,3.5169917938676187
2022-06-16,2022-06-23,0.028,False,3666.77,3795.73,3575.0,25.0,5.0,4.8,0.192,3.5169917938676187
2022-06-24,2022-07-01,0.019,False,3911.74,3825.3301,3835.0,25.0,5.900000000000002,-4.005899999999869,-0.16023599999999477,-2.208988838726489
2022-06-24,2022-07-01,0.022,False,3911.74,3825.3301,3825.0,25.0,5.399999999999999,5.183999999999998,0.20735999999999993,-2.208988838726489
2022-06-24,2022-07-01,0.025,False,3911.74,3825.3301,3815.0,25.0,4.800000000000001,4.6080000000000005,0.18432,-2.208988838726489
2022-06-24,2022-07-01,0.028,False,3911.74,3825.3301,3800.0,25.0,4.200000000000001,4.032000000000001,0.16128000000000003,-2.208988838726489
2022-07-05,2022-07-12,0.019,False,3831.3899,3818.8,3760.0,25.0,6.100000000000001,5.856000000000001,0.23424000000000003,-0.3285987677735469
2022-07-05,2022-07-12,0.022,False,3831.3899,3818.8,3745.0,25.0,5.299999999999997,5.087999999999997,0.2035199999999999,-0.3285987677735469
2022-07-05,2022-07-12,0.025,False,3831.3899,3818.8,3735.0,25.0,5.000000000000002,4.800000000000002,0.19200000000000006,-0.3285987677735469
2022-07-05,2022-07-12,0.028,False,3831.3899,3818.8,3725.0,25.0,4.5,4.32,0.1728,-0.3285987677735469
2022-07-13,2022-07-20,0.019,False,3801.78,3959.8999,3730.0,25.0,6.0,5.76,0.2304,4.159101789161901
2022-07-13,2022-07-20,0.022,False,3801.78,3959.8999,3720.0,25.0,5.5,5.279999999999999,0.21119999999999997,4.159101789161901
2022-07-13,2022-07-20,0.025,False,3801.78,3959.8999,3705.0,25.0,4.799999999999999,4.607999999999999,0.18431999999999996,4.159101789161901
2022-07-13,2022-07-20,0.028,False,3801.78,3959.8999,3695.0,25.0,4.400000000000002,4.224000000000002,0.16896000000000008,4.159101789161901
2022-07-21,2022-07-28,0.019,False,3998.95,4072.4299,3925.0,25.0,5.300000000000001,5.088,0.20352,1.8374798384576119
2022-07-21,2022-07-28,0.022,False,3998.95,4072.4299,3910.0,25.0,4.500000000000002,4.320000000000001,0.17280000000000004,1.8374798384576119
2022-07-21,2022-07-28,0.025,False,3998.95,4072.4299,3900.0,25.0,4.0,3.84,0.1536,1.8374798384576119
2022-07-21,2022-07-28,0.028,False,3998.95,4072.4299,3885.0,25.0,3.5,3.36,0.1344,1.8374798384576119
2022-07-29,2022-08-05,0.019,False,4130.29,4145.1899,4050.0,25.0,3.8000000000000007,3.6480000000000006,0.14592000000000002,0.36074706618665076
2022-07-29,2022-08-05,0.022,False,4130.29,4145.1899,4040.0,25.0,3.299999999999999,3.167999999999999,0.12671999999999994,0.36074706618665076
2022-07-29,2022-08-05,0.025,False,4130.29,4145.1899,4025.0,25.0,2.5999999999999996,2.4959999999999996,0.09983999999999998,0.36074706618665076
2022-07-29,2022-08-05,0.028,False,4130.29,4145.1899,4015.0,25.0,2.2,2.112,0.08448,0.36074706618665076
2022-08-08,2022-08-15,0.019,False,4140.0601,4297.1401,4060.0,25.0,4.0,3.84,0.1536,3.7941478192550893
2022-08-08,2022-08-15,0.022,False,4140.0601,4297.1401,4050.0,25.0,3.5999999999999996,3.4559999999999995,0.13823999999999997,3.7941478192550893
2022-08-08,2022-08-15,0.025,False,4140.0601,4297.1401,4035.0,25.0,2.8999999999999995,2.7839999999999994,0.11135999999999997,3.7941478192550893
2022-08-08,2022-08-15,0.028,False,4140.0601,4297.1401,4025.0,25.0,2.500000000000001,2.400000000000001,0.09600000000000003,3.7941478192550893
2022-08-16,2022-08-23,0.019,False,4305.2002,4128.73,4225.0,30.0,4.1000000000000005,-26.064,-0.8688,-4.099001017420756
2022-08-16,2022-08-23,0.022,False,4305.2002,4128.73,4210.0,30.0,3.2,-26.928,-0.8976000000000001,-4.099001017420756
2022-08-16,2022-08-23,0.025,False,4305.2002,4128.73,4200.0,30.0,2.7,-27.408,-0.9136000000000001,-4.099001017420756
2022-08-16,2022-08-23,0.028,False,4305.2002,4128.73,4185.0,30.0,2.0999999999999996,-27.984,-0.9328000000000001,-4.099001017420756
2022-08-24,2022-08-31,0.019,False,4140.77,3955.0,4060.0,25.0,4.499999999999998,-20.68,-0.8271999999999999,-4.486363647340963
2022-08-24,2022-08-31,0.022,False,4140.77,3955.0,4050.0,25.0,4.0,-21.16,-0.8464,-4.486363647340963
2022-08-24,2022-08-31,0.025,False,4140.77,3955.0,4035.0,25.0,3.299999999999999,-21.832,-0.8732800000000001,-4.486363647340963
2022-08-24,2022-08-31,0.028,False,4140.77,3955.0,4025.0,25.0,3.0,-22.12,-0.8848,-4.486363647340963
2022-09-01,2022-09-08,0.019,False,3966.8501,4006.1799,3890.0,25.0,4.9,4.704,0.18816,0.9914617141696391
2022-09-01,2022-09-08,0.022,False,3966.8501,4006.1799,3880.0,25.0,4.5,4.32,0.1728,0.9914617141696391
2022-09-01,2022-09-08,0.025,False,3966.8501,4006.1799,3870.0,25.0,4.0,3.84,0.1536,0.9914617141696391
2022-09-01,2022-09-08,0.028,False,3966.8501,4006.1799,3855.0,25.0,3.299999999999999,3.167999999999999,0.12671999999999994,0.9914617141696391
2022-09-09,2022-09-16,0.019,False,4067.3601,3873.3301,3990.0,25.0,4.6,-20.584,-0.82336,-4.7704160740525525
2022-09-09,2022-09-16,0.022,False,4067.3601,3873.3301,3980.0,25.0,4.1,-21.064,-0.84256,-4.7704160740525525
2022-09-09,2022-09-16,0.025,False,4067.3601,3873.3301,3965.0,25.0,3.299999999999999,-21.832,-0.8732800000000001,-4.7704160740525525
2022-09-09,2022-09-16,0.028,False,4067.3601,3873.3301,3955.0,25.0,2.9000000000000004,-22.216,-0.8886400000000001,-4.7704160740525525
2022-09-19,2022-09-26,0.019,False,3899.8899,3655.04,3825.0,25.0,6.100000000000001,-19.144,-0.7657599999999999,-6.2783798075940584
2022-09-19,2022-09-26,0.022,False,3899.8899,3655.04,3815.0,25.0,5.700000000000003,-19.528,-0.7811199999999999,-6.2783798075940584
2022-09-19,2022-09-26,0.025,False,3899.8899,3655.04,3800.0,25.0,5.0,-20.2,-0.8079999999999999,-6.2783798075940584
2022-09-19,2022-09-26,0.028,False,3899.8899,3655.04,3790.0,25.0,4.600000000000001,-20.584,-0.82336,-6.2783798075940584
2022-09-27,2022-10-04,0.019,False,3647.29,3790.9299,3580.0,25.0,6.799999999999997,6.527999999999997,0.26111999999999985,3.9382637519912
2022-09-27,2022-10-04,0.022,False,3647.29,3790.9299,3565.0,25.0,6.099999999999998,5.855999999999998,0.23423999999999992,3.9382637519912
2022-09-27,2022-10-04,0.025,False,3647.29,3790.9299,3555.0,25.0,5.800000000000001,5.5680000000000005,0.22272000000000003,3.9382637519912
2022-09-27,2022-10-04,0.028,False,3647.29,3790.9299,3545.0,25.0,5.399999999999999,5.183999999999998,0.20735999999999993,3.9382637519912
2022-10-05,2022-10-12,0.019,False,3783.28,3577.03,3710.0,25.0,5.400000000000002,-19.816,-0.79264,-5.451618701232796
2022-10-05,2022-10-12,0.022,False,3783.28,3577.03,3700.0,25.0,4.899999999999999,-20.296,-0.81184,-5.451618701232796
2022-10-05,2022-10-12,0.025,False,3783.28,3577.03,3690.0,25.0,4.4,-20.776,-0.83104,-5.451618701232796
2022-10-05,2022-10-12,0.028,False,3783.28,3577.03,3675.0,25.0,3.6999999999999993,-21.448,-0.85792,-5.451618701232796
2022-10-13,2022-10-20,0.019,False,3669.9099,3665.78,3600.0,25.0,6.5,6.24,0.24960000000000002,-0.11253409790795699
2022-10-13,2022-10-20,0.022,False,3669.9099,3665.78,3590.0,25.0,6.100000000000001,5.856000000000001,0.23424000000000003,-0.11253409790795699
2022-10-13,2022-10-20,0.025,False,3669.9099,3665.78,3580.0,25.0,5.600000000000001,5.376000000000001,0.21504000000000004,-0.11253409790795699
2022-10-13,2022-10-20,0.028,False,3669.9099,3665.78,3565.0,25.0,4.899999999999999,4.703999999999999,0.18815999999999997,-0.11253409790795699
2022-10-21,2022-10-28,0.019,False,3752.75,3901.0601,3680.0,25.0,6.100000000000001,5.856000000000001,0.23424000000000003,3.952037838918132
2022-10-21,2022-10-28,0.022,False,3752.75,3901.0601,3670.0,25.0,5.5,5.279999999999999,0.21119999999999997,3.952037838918132
2022-10-21,2022-10-28,0.025,False,3752.75,3901.0601,3660.0,25.0,5.0,4.8,0.192,3.952037838918132
2022-10-21,2022-10-28,0.028,False,3752.75,3901.0601,3650.0,25.0,4.600000000000001,4.416000000000001,0.17664000000000005,3.952037838918132
2022-10-31,2022-11-07,0.019,False,3871.98,3806.8,3800.0,25.0,6.5,6.24,0.24960000000000002,-1.6833764637213977
2022-10-31,2022-11-07,0.022,False,3871.98,3806.8,3785.0,25.0,5.699999999999999,5.4719999999999995,0.21888,-1.6833764637213977
2022-10-31,2022-11-07,0.025,False,3871.98,3806.8,3775.0,25.0,5.1,4.896,0.19584,-1.6833764637213977
2022-10-31,2022-11-07,0.028,False,3871.98,3806.8,3765.0,25.0,4.699999999999999,4.512,0.18047999999999997,-1.6833764637213977
2022-11-08,2022-11-15,0.019,False,3828.1101,3991.73,3755.0,20.0,5.699999999999996,5.471999999999996,0.2735999999999998,4.2741691259089
2022-11-08,2022-11-15,0.022,False,3828.1101,3991.73,3745.0,30.0,7.699999999999999,7.3919999999999995,0.24639999999999998,4.2741691259089
2022-11-08,2022-11-15,0.025,False,3828.1101,3991.73,3735.0,30.0,7.100000000000001,6.816000000000001,0.2272,4.2741691259089
2022-11-08,2022-11-15,0.028,False,3828.1101,3991.73,3715.0,30.0,5.899999999999999,5.663999999999999,0.18879999999999997,4.2741691259089
2022-11-16,2022-11-23,0.019,False,3958.79,4027.26,3885.0,25.0,4.4,4.224,0.16896,1.7295688834214618
2022-11-16,2022-11-23,0.022,False,3958.79,4027.26,3870.0,25.0,3.5,3.36,0.1344,1.7295688834214618
2022-11-16,2022-11-23,0.025,False,3958.79,4027.26,3860.0,25.0,3.0999999999999996,2.9759999999999995,0.11903999999999998,1.7295688834214618
2022-11-16,2022-11-23,0.028,False,3958.79,4027.26,3850.0,25.0,2.7,2.592,0.10368000000000001,1.7295688834214618
2022-11-25,2022-12-02,0.019,False,4026.1201,4071.7,3950.0,25.0,3.4000000000000004,3.2640000000000002,0.13056,1.132104827175917
2022-11-25,2022-12-02,0.022,False,4026.1201,4071.7,3940.0,25.0,2.8,2.6879999999999997,0.10751999999999999,1.132104827175917
2022-11-25,2022-12-02,0.025,False,4026.1201,4071.7,3925.0,30.0,2.5999999999999996,2.4959999999999996,0.08319999999999998,1.132104827175917
2022-11-25,2022-12-02,0.028,False,4026.1201,4071.7,3915.0,25.0,1.9000000000000004,1.8240000000000003,0.07296000000000001,1.132104827175917
2022-12-05,2022-12-12,0.019,False,3998.8401,3990.5601,3925.0,25.0,3.7,3.552,0.14208,-0.20706004223574048
2022-12-05,2022-12-12,0.022,False,3998.8401,3990.5601,3910.0,25.0,2.9000000000000004,2.7840000000000003,0.11136000000000001,-0.20706004223574048
2022-12-05,2022-12-12,0.025,False,3998.8401,3990.5601,3900.0,25.0,2.3999999999999995,2.3039999999999994,0.09215999999999998,-0.20706004223574048
2022-12-05,2022-12-12,0.028,False,3998.8401,3990.5601,3885.0,25.0,1.8000000000000003,1.7280000000000002,0.06912000000000001,-0.20706004223574048
2022-12-13,2022-12-20,0.019,False,4019.6499,3821.6201,3945.0,25.0,5.800000000000001,-19.432,-0.77728,-4.926543478326306
2022-12-13,2022-12-20,0.022,False,4019.6499,3821.6201,3930.0,25.0,5.0,-20.2,-0.8079999999999999,-4.926543478326306
2022-12-13,2022-12-20,0.025,False,4019.6499,3821.6201,3920.0,25.0,4.399999999999999,-20.776000000000003,-0.8310400000000001,-4.926543478326306
2022-12-13,2022-12-20,0.028,False,4019.6499,3821.6201,3905.0,25.0,3.700000000000001,-21.448,-0.85792,-4.926543478326306
2022-12-21,2022-12-28,0.019,False,3878.4399,3783.22,3805.0,25.0,2.8000000000000007,-19.092000000000198,-0.7636800000000079,-2.4551083026966625
2022-12-21,2022-12-28,0.022,False,3878.4399,3783.22,3795.0,25.0,2.3,-9.5720000000002,-0.382880000000008,-2.4551083026966625
2022-12-21,2022-12-28,0.025,False,3878.4399,3783.22,3780.0,25.0,1.7000000000000002,1.6320000000000001,0.06528,-2.4551083026966625
2022-12-21,2022-12-28,0.028,False,3878.4399,3783.22,3770.0,25.0,1.3999999999999995,1.3439999999999994,0.053759999999999974,-2.4551083026966625
2022-12-29,2023-01-05,0.019,False,3849.28,3808.1001,3775.0,25.0,3.5999999999999996,3.4559999999999995,0.13823999999999997,-1.0698078601712568
2022-12-29,2023-01-05,0.022,False,3849.28,3808.1001,3765.0,25.0,3.0,2.88,0.1152,-1.0698078601712568
2022-12-29,2023-01-05,0.025,False,3849.28,3808.1001,3755.0,25.0,2.5,2.4,0.096,-1.0698078601712568
2022-12-29,2023-01-05,0.028,False,3849.28,3808.1001,3740.0,25.0,1.7999999999999998,1.7279999999999998,0.06911999999999999,-1.0698078601712568
2023-01-06,2023-01-13,0.019,False,3895.0801,3999.0901,3820.0,25.0,5.800000000000001,5.5680000000000005,0.22272000000000003,2.6702916841170987
2023-01-06,2023-01-13,0.022,False,3895.0801,3999.0901,3810.0,25.0,5.299999999999999,5.087999999999999,0.20351999999999998,2.6702916841170987
2023-01-06,2023-01-13,0.025,False,3895.0801,3999.0901,3800.0,25.0,4.699999999999999,4.512,0.18047999999999997,2.6702916841170987
2023-01-06,2023-01-13,0.028,False,3895.0801,3999.0901,3785.0,25.0,3.9000000000000004,3.744,0.14976,2.6702916841170987
2023-01-17,2023-01-24,0.019,True,3990.97,4016.95,3915.0,25.0,2.8,2.6879999999999997,0.10751999999999999,0.6509695637902491
2023-01-17,2023-01-24,0.022,True,3990.97,4016.95,3905.0,25.0,2.3999999999999995,2.3039999999999994,0.09215999999999998,0.6509695637902491
2023-01-17,2023-01-24,0.025,True,3990.97,4016.95,3890.0,25.0,1.7000000000000002,1.6320000000000001,0.06528,0.6509695637902491
2023-01-17,2023-01-24,0.028,True,3990.97,4016.95,3880.0,25.0,1.4,1.3439999999999999,0.053759999999999995,0.6509695637902491
2023-01-25,2023-02-01,0.019,True,4016.22,4119.21,3940.0,25.0,4.499999999999998,4.3199999999999985,0.17279999999999995,2.56435155444672
2023-01-25,2023-02-01,0.022,True,4016.22,4119.21,3930.0,25.0,4.0,3.84,0.1536,2.56435155444672
2023-01-25,2023-02-01,0.025,True,4016.22,4119.21,3915.0,25.0,3.4000000000000004,3.2640000000000002,0.13056,2.56435155444672
2023-01-25,2023-02-01,0.028,True,4016.22,4119.21,3905.0,25.0,2.9000000000000004,2.7840000000000003,0.11136000000000001,2.56435155444672
2023-02-02,2023-02-09,0.019,True,4179.7598,4081.5,4100.0,25.0,4.099999999999998,-14.564000000000002,-0.5825600000000001,-2.350848008060169
2023-02-02,2023-02-09,0.022,True,4179.7598,4081.5,4090.0,25.0,3.700000000000001,-4.947999999999999,-0.19791999999999996,-2.350848008060169
2023-02-02,2023-02-09,0.025,True,4179.7598,4081.5,4075.0,25.0,2.9000000000000004,2.7840000000000003,0.11136000000000001,-2.350848008060169
2023-02-02,2023-02-09,0.028,True,4179.7598,4081.5,4065.0,25.0,2.499999999999999,2.399999999999999,0.09599999999999996,-2.350848008060169
2023-02-10,2023-02-17,0.019,True,4090.46,4079.0901,4015.0,25.0,5.5,5.279999999999999,0.21119999999999997,-0.27796140287400517
2023-02-10,2023-02-17,0.022,True,4090.46,4079.0901,4000.0,25.0,4.800000000000001,4.6080000000000005,0.18432,-0.27796140287400517
2023-02-10,2023-02-17,0.025,True,4090.46,4079.0901,3990.0,25.0,4.299999999999999,4.127999999999999,0.16511999999999996,-0.27796140287400517
2023-02-10,2023-02-17,0.028,True,4090.46,4079.0901,3975.0,25.0,3.6999999999999993,3.551999999999999,0.14207999999999996,-0.27796140287400517
2023-02-21,2023-02-28,0.019,True,3997.3401,3970.1499,3920.0,25.0,4.200000000000001,4.032000000000001,0.16128000000000003,-0.6802073208631909
2023-02-21,2023-02-28,0.022,True,3997.3401,3970.1499,3910.0,25.0,3.8000000000000007,3.6480000000000006,0.14592000000000002,-0.6802073208631909
2023-02-21,2023-02-28,0.025,True,3997.3401,3970.1499,3895.0,25.0,3.0999999999999996,2.9759999999999995,0.11903999999999998,-0.6802073208631909
2023-02-21,2023-02-28,0.028,True,3997.3401,3970.1499,3885.0,25.0,2.7,2.592,0.10368000000000001,-0.6802073208631909
2023-03-01,2023-03-08,0.019,True,3951.3899,3992.01,3875.0,25.0,4.0,3.84,0.1536,1.0279952378275725
2023-03-01,2023-03-08,0.022,True,3951.3899,3992.01,3865.0,25.0,3.3999999999999995,3.2639999999999993,0.13055999999999998,1.0279952378275725
2023-03-01,2023-03-08,0.025,True,3951.3899,3992.01,3855.0,25.0,2.8999999999999995,2.7839999999999994,0.11135999999999997,1.0279952378275725
2023-03-01,2023-03-08,0.028,True,3951.3899,3992.01,3840.0,25.0,2.1999999999999997,2.1119999999999997,0.08447999999999999,1.0279952378275725
2023-03-09,2023-03-16,0.019,False,3918.3201,3960.28,3845.0,25.0,6.099999999999998,5.855999999999998,0.23423999999999992,1.0708645268670214
2023-03-09,2023-03-16,0.022,False,3918.3201,3960.28,3830.0,25.0,5.300000000000001,5.088,0.20352,1.0708645268670214
2023-03-09,2023-03-16,0.025,False,3918.3201,3960.28,3820.0,25.0,4.799999999999997,4.607999999999997,0.18431999999999987,1.0708645268670214
2023-03-09,2023-03-16,0.028,False,3918.3201,3960.28,3810.0,25.0,4.399999999999999,4.223999999999998,0.16895999999999994,1.0708645268670214
2023-03-17,2023-03-24,0.019,False,3916.6399,3970.99,3840.0,25.0,6.0,5.76,0.2304,1.38767161106641
2023-03-17,2023-03-24,0.022,False,3916.6399,3970.99,3830.0,25.0,5.5,5.279999999999999,0.21119999999999997,1.38767161106641
2023-03-17,2023-03-24,0.025,False,3916.6399,3970.99,3820.0,25.0,5.100000000000001,4.896000000000001,0.19584000000000004,1.38767161106641
2023-03-17,2023-03-24,0.028,False,3916.6399,3970.99,3805.0,25.0,4.5,4.32,0.1728,1.38767161106641
2023-03-27,2023-04-03,0.019,True,3977.53,4124.5098,3900.0,25.0,3.6000000000000014,3.4560000000000013,0.13824000000000006,3.6952530842004894
2023-03-27,2023-04-03,0.022,True,3977.53,4124.5098,3890.0,25.0,3.0999999999999996,2.9759999999999995,0.11903999999999998,3.6952530842004894
2023-03-27,2023-04-03,0.025,True,3977.53,4124.5098,3880.0,25.0,2.6999999999999993,2.591999999999999,0.10367999999999997,3.6952530842004894
2023-03-27,2023-04-03,0.028,True,3977.53,4124.5098,3865.0,25.0,2.3,2.2079999999999997,0.08832,3.6952530842004894
2023-04-04,2023-04-11,0.019,True,4100.6001,4108.9399,4025.0,25.0,2.6999999999999993,2.591999999999999,0.10367999999999997,0.20337998821198244
2023-04-04,2023-04-11,0.022,True,4100.6001,4108.9399,4010.0,25.0,2.0,1.92,0.0768,0.20337998821198244
2023-04-04,2023-04-11,0.025,True,4100.6001,4108.9399,4000.0,25.0,1.7000000000000002,1.6320000000000001,0.06528,0.20337998821198244
2023-04-04,2023-04-11,0.028,True,4100.6001,4108.9399,3985.0,25.0,1.25,1.2,0.048,0.20337998821198244
2023-04-12,2023-04-19,0.019,True,4091.95,4154.52,4015.0,25.0,2.8000000000000007,2.6880000000000006,0.10752000000000002,1.529099817935231
2023-04-12,2023-04-19,0.022,True,4091.95,4154.52,4000.0,25.0,2.1000000000000005,2.0160000000000005,0.08064000000000002,1.529099817935231
2023-04-12,2023-04-19,0.025,True,4091.95,4154.52,3990.0,25.0,1.7000000000000002,1.6320000000000001,0.06528,1.529099817935231
2023-04-12,2023-04-19,0.028,True,4091.95,4154.52,3975.0,25.0,1.1999999999999997,1.1519999999999997,0.04607999999999999,1.529099817935231
2023-04-20,2023-04-27,0.019,True,4129.79,4135.3501,4050.0,25.0,2.2,2.112,0.08448,0.13463396443886833
2023-04-20,2023-04-27,0.022,True,4129.79,4135.3501,4040.0,25.0,1.7999999999999998,1.7279999999999998,0.06911999999999999,0.13463396443886833
2023-04-20,2023-04-27,0.025,True,4129.79,4135.3501,4025.0,25.0,1.4,1.3439999999999999,0.053759999999999995,0.13463396443886833
2023-04-20,2023-04-27,0.028,True,4129.79,4135.3501,4015.0,25.0,1.15,1.1039999999999999,0.04416,0.13463396443886833
2023-04-28,2023-05-05,0.019,True,4169.48,4136.25,4090.0,25.0,3.0999999999999996,2.9759999999999995,0.11903999999999998,-0.7969818778360782
2023-04-28,2023-05-05,0.022,True,4169.48,4136.25,4080.0,25.0,2.5999999999999996,2.4959999999999996,0.09983999999999998,-0.7969818778360782
2023-04-28,2023-05-05,0.025,True,4169.48,4136.25,4065.0,25.0,2.0999999999999996,2.0159999999999996,0.08063999999999999,-0.7969818778360782
2023-04-28,2023-05-05,0.028,True,4169.48,4136.25,4055.0,25.0,1.7000000000000002,1.6320000000000001,0.06528,-0.7969818778360782
2023-05-08,2023-05-15,0.019,True,4138.1201,4136.2798,4060.0,25.0,2.6999999999999993,2.591999999999999,0.10367999999999997,-0.04447188470918517
2023-05-08,2023-05-15,0.022,True,4138.1201,4136.2798,4045.0,25.0,2.0999999999999996,2.0159999999999996,0.08063999999999999,-0.04447188470918517
2023-05-08,2023-05-15,0.025,True,4138.1201,4136.2798,4035.0,25.0,1.7999999999999998,1.7279999999999998,0.06911999999999999,-0.04447188470918517
2023-05-08,2023-05-15,0.028,True,4138.1201,4136.2798,4020.0,25.0,1.4,1.3439999999999999,0.053759999999999995,-0.04447188470918517
2023-05-16,2023-05-23,0.019,True,4109.8999,4145.5801,4030.0,25.0,2.5,2.4,0.096,0.8681525309168769
2023-05-16,2023-05-23,0.022,True,4109.8999,4145.5801,4020.0,25.0,2.0999999999999996,2.0159999999999996,0.08063999999999999,0.8681525309168769
2023-05-16,2023-05-23,0.025,True,4109.8999,4145.5801,4005.0,25.0,1.7000000000000002,1.6320000000000001,0.06528,0.8681525309168769
2023-05-16,2023-05-23,0.028,True,4109.8999,4145.5801,3995.0,25.0,1.5,1.44,0.0576,0.8681525309168769
2023-05-24,2023-05-31,0.019,True,4115.2402,4179.8301,4035.0,25.0,2.8,2.6879999999999997,0.10751999999999999,1.5695292828836527
2023-05-24,2023-05-31,0.022,True,4115.2402,4179.8301,4025.0,25.0,2.499999999999999,2.399999999999999,0.09599999999999996,1.5695292828836527
2023-05-24,2023-05-31,0.025,True,4115.2402,4179.8301,4010.0,25.0,1.9000000000000004,1.8240000000000003,0.07296000000000001,1.5695292828836527
2023-05-24,2023-05-31,0.028,True,4115.2402,4179.8301,4000.0,25.0,1.5999999999999996,1.5359999999999996,0.06143999999999998,1.5695292828836527
2023-06-01,2023-06-08,0.019,True,4221.02,4293.9302,4140.0,30.0,1.7999999999999998,1.7279999999999998,0.05759999999999999,1.7273123557812964
2023-06-01,2023-06-08,0.022,True,4221.02,4293.9302,4130.0,30.0,1.4,1.3439999999999999,0.04479999999999999,1.7273123557812964
2023-06-01,2023-06-08,0.025,True,4221.02,4293.9302,4115.0,30.0,1.0,0.96,0.032,1.7273123557812964
2023-06-01,2023-06-08,0.028,True,4221.02,4293.9302,4105.0,30.0,0.8000000000000003,0.7680000000000002,0.025600000000000008,1.7273123557812964
2023-06-09,2023-06-16,0.019,True,4298.8599,4409.5898,4215.0,30.0,1.6,1.536,0.0512,2.5757968990801405
2023-06-09,2023-06-16,0.022,True,4298.8599,4409.5898,4205.0,30.0,1.25,1.2,0.04,2.5757968990801405
2023-06-09,2023-06-16,0.025,True,4298.8599,4409.5898,4190.0,30.0,0.9499999999999997,0.9119999999999997,0.03039999999999999,2.5757968990801405
2023-06-09,2023-06-16,0.028,True,4298.8599,4409.5898,4180.0,30.0,0.75,0.72,0.024,2.5757968990801405
2023-06-20,2023-06-27,0.019,True,4388.71,4378.4102,4305.0,30.0,1.7999999999999998,1.7279999999999998,0.05759999999999999,-0.23468855312835935
2023-06-20,2023-06-27,0.022,True,4388.71,4378.4102,4290.0,30.0,1.1500000000000001,1.104,0.036800000000000006,-0.23468855312835935
2023-06-20,2023-06-27,0.025,True,4388.71,4378.4102,4280.0,30.0,0.8499999999999999,0.8159999999999998,0.027199999999999995,-0.23468855312835935
2023-06-20,2023-06-27,0.028,True,4388.71,4378.4102,4265.0,30.0,0.55,0.528,0.0176,-0.23468855312835935
2023-06-28,2023-07-05,0.019,True,4376.8599,4446.8198,4295.0,30.0,0.8500000000000001,0.8160000000000001,0.027200000000000002,1.5984039150990448
2023-06-28,2023-07-05,0.022,True,4376.8599,4446.8198,4280.0,30.0,0.5,0.48,0.016,1.5984039150990448
2023-06-28,2023-07-05,0.025,True,4376.8599,4446.8198,4265.0,30.0,0.25,0.24,0.008,1.5984039150990448
2023-06-28,2023-07-05,0.028,True,4376.8599,4446.8198,4255.0,30.0,0.20000000000000007,0.19200000000000006,0.006400000000000002,1.5984039150990448
2023-07-06,2023-07-13,0.019,True,4411.5898,4510.04,4330.0,30.0,2.2,2.112,0.0704,2.231626340236814
2023-07-06,2023-07-13,0.022,True,4411.5898,4510.04,4315.0,30.0,1.6000000000000005,1.5360000000000005,0.051200000000000016,2.231626340236814
2023-07-06,2023-07-13,0.025,True,4411.5898,4510.04,4300.0,30.0,1.15,1.1039999999999999,0.03679999999999999,2.231626340236814
2023-07-06,2023-07-13,0.028,True,4411.5898,4510.04,4290.0,30.0,0.9499999999999997,0.9119999999999997,0.03039999999999999,2.231626340236814
2023-07-14,2023-07-21,0.019,True,4505.4199,4536.3398,4420.0,30.0,1.05,1.008,0.0336,0.6862823152177233
2023-07-14,2023-07-21,0.022,True,4505.4199,4536.3398,4405.0,30.0,0.6499999999999999,0.6239999999999999,0.020799999999999996,0.6862823152177233
2023-07-14,2023-07-21,0.025,True,4505.4199,4536.3398,4395.0,30.0,0.44999999999999996,0.43199999999999994,0.014399999999999998,0.6862823152177233
2023-07-14,2023-07-21,0.028,True,4505.4199,4536.3398,4380.0,30.0,0.2999999999999998,0.2879999999999998,0.009599999999999994,0.6862823152177233
2023-07-24,2023-07-31,0.019,True,4554.6401,4588.96,4470.0,30.0,2.05,1.9679999999999997,0.06559999999999999,0.7535150801487145
2023-07-24,2023-07-31,0.022,True,4554.6401,4588.96,4455.0,30.0,1.4500000000000002,1.3920000000000001,0.046400000000000004,0.7535150801487145
2023-07-24,2023-07-31,0.025,True,4554.6401,4588.96,4440.0,30.0,1.05,1.008,0.0336,0.7535150801487145
2023-07-24,2023-07-31,0.028,True,4554.6401,4588.96,4425.0,30.0,0.7,0.6719999999999999,0.022399999999999996,0.7535150801487145
2023-08-01,2023-08-08,0.019,True,4576.73,4499.3799,4490.0,30.0,1.5999999999999996,1.5359999999999996,0.05119999999999999,-1.690073480410681
2023-08-01,2023-08-08,0.022,True,4576.73,4499.3799,4475.0,30.0,1.1,1.056,0.0352,-1.690073480410681
2023-08-01,2023-08-08,0.025,True,4576.73,4499.3799,4460.0,30.0,0.7999999999999998,0.7679999999999998,0.025599999999999994,-1.690073480410681
2023-08-01,2023-08-08,0.028,True,4576.73,4499.3799,4450.0,30.0,0.55,0.528,0.0176,-1.690073480410681
2023-08-09,2023-08-16,0.019,True,4467.71,4404.3301,4385.0,30.0,3.200000000000001,3.072000000000001,0.10240000000000003,-1.4186216204722268
2023-08-09,2023-08-16,0.022,True,4467.71,4404.3301,4370.0,30.0,2.5,2.4,0.08,-1.4186216204722268
2023-08-09,2023-08-16,0.025,True,4467.71,4404.3301,4355.0,30.0,1.7999999999999998,1.7279999999999998,0.05759999999999999,-1.4186216204722268
2023-08-09,2023-08-16,0.028,True,4467.71,4404.3301,4345.0,30.0,1.5499999999999998,1.4879999999999998,0.04959999999999999,-1.4186216204722268
2023-08-17,2023-08-24,0.019,True,4370.3599,4376.3101,4285.0,30.0,3.6000000000000005,3.4560000000000004,0.11520000000000001,0.13614897024840644
2023-08-17,2023-08-24,0.022,True,4370.3599,4376.3101,4275.0,30.0,3.1000000000000005,2.9760000000000004,0.09920000000000001,0.13614897024840644
2023-08-17,2023-08-24,0.025,True,4370.3599,4376.3101,4260.0,30.0,2.3000000000000007,2.2080000000000006,0.07360000000000003,0.13614897024840644
2023-08-17,2023-08-24,0.028,True,4370.3599,4376.3101,4250.0,30.0,1.9000000000000004,1.8240000000000003,0.06080000000000001,0.13614897024840644
2023-08-25,2023-09-01,0.019,True,4405.71,4515.77,4320.0,30.0,2.7,2.592,0.0864,2.4981217556307778
2023-08-25,2023-09-01,0.022,True,4405.71,4515.77,4310.0,30.0,2.1999999999999997,2.1119999999999997,0.07039999999999999,2.4981217556307778
2023-08-25,2023-09-01,0.025,True,4405.71,4515.77,4295.0,30.0,1.5500000000000003,1.4880000000000002,0.049600000000000005,2.4981217556307778
2023-08-25,2023-09-01,0.028,True,4405.71,4515.77,4280.0,30.0,1.1500000000000004,1.1040000000000003,0.03680000000000001,2.4981217556307778
2023-09-05,2023-09-12,0.019,True,4496.8301,4461.8999,4410.0,30.0,1.5,1.44,0.048,-0.776773843423606
2023-09-05,2023-09-12,0.022,True,4496.8301,4461.8999,4400.0,30.0,1.1500000000000004,1.1040000000000003,0.03680000000000001,-0.776773843423606
2023-09-05,2023-09-12,0.025,True,4496.8301,4461.8999,4385.0,30.0,0.8500000000000001,0.8160000000000001,0.027200000000000002,-0.776773843423606
2023-09-05,2023-09-12,0.028,True,4496.8301,4461.8999,4370.0,30.0,0.55,0.528,0.0176,-0.776773843423606
2023-09-13,2023-09-20,0.019,True,4467.4399,4402.2002,4385.0,30.0,1.9500000000000002,1.872,0.062400000000000004,-1.4603374966499327
2023-09-13,2023-09-20,0.022,True,4467.4399,4402.2002,4370.0,30.0,1.4,1.3439999999999999,0.04479999999999999,-1.4603374966499327
2023-09-13,2023-09-20,0.025,True,4467.4399,4402.2002,4355.0,30.0,0.9500000000000002,0.9120000000000001,0.030400000000000003,-1.4603374966499327
2023-09-13,2023-09-20,0.028,True,4467.4399,4402.2002,4340.0,30.0,0.6499999999999999,0.6239999999999999,0.020799999999999996,-1.4603374966499327
2023-09-21,2023-09-29,0.019,True,4330.0,4288.0498,4250.0,30.0,3.8999999999999986,3.7439999999999984,0.12479999999999995,-0.9688267898383396
2023-09-21,2023-09-29,0.022,True,4330.0,4288.0498,4235.0,30.0,3.1999999999999993,3.071999999999999,0.10239999999999998,-0.9688267898383396
2023-09-21,2023-09-29,0.025,True,4330.0,4288.0498,4220.0,30.0,2.6999999999999993,2.591999999999999,0.08639999999999998,-0.9688267898383396
2023-09-21,2023-09-29,0.028,True,4330.0,4288.0498,4210.0,30.0,2.5,2.4,0.08,-0.9688267898383396
2023-10-02,2023-10-09,0.019,True,4288.3901,4335.6602,4205.0,30.0,3.5999999999999996,3.4559999999999995,0.11519999999999998,1.102280783644205
2023-10-02,2023-10-09,0.022,True,4288.3901,4335.6602,4195.0,30.0,3.0999999999999996,2.9759999999999995,0.09919999999999998,1.102280783644205
2023-10-02,2023-10-09,0.025,True,4288.3901,4335.6602,4180.0,30.0,2.4000000000000004,2.3040000000000003,0.07680000000000001,1.102280783644205
2023-10-02,2023-10-09,0.028,True,4288.3901,4335.6602,4170.0,30.0,1.9,1.8239999999999998,0.06079999999999999,1.102280783644205
2023-10-10,2023-10-17,0.019,True,4358.2402,4373.2002,4275.0,30.0,3.1999999999999993,3.071999999999999,0.10239999999999998,0.3432578130962094
2023-10-10,2023-10-17,0.022,True,4358.2402,4373.2002,4260.0,30.0,2.5999999999999996,2.4959999999999996,0.08319999999999998,0.3432578130962094
2023-10-10,2023-10-17,0.025,True,4358.2402,4373.2002,4250.0,30.0,2.0999999999999996,2.0159999999999996,0.06719999999999998,0.3432578130962094
2023-10-10,2023-10-17,0.028,True,4358.2402,4373.2002,4235.0,30.0,1.5999999999999996,1.5359999999999996,0.05119999999999999,0.3432578130962094
2023-10-18,2023-10-25,0.019,True,4314.6001,4186.77,4235.0,30.0,4.199999999999999,-25.968,-0.8656,-2.9627334408117934
2023-10-18,2023-10-25,0.022,True,4314.6001,4186.77,4220.0,30.0,3.3999999999999995,-26.736,-0.8912,-2.9627334408117934
2023-10-18,2023-10-25,0.025,True,4314.6001,4186.77,4205.0,30.0,2.6999999999999993,-15.637999999999565,-0.5212666666666521,-2.9627334408117934
2023-10-18,2023-10-25,0.028,True,4314.6001,4186.77,4195.0,30.0,2.3,-6.021999999999563,-0.20073333333331878,-2.9627334408117934
2023-10-26,2023-11-02,0.019,False,4137.23,4317.7798,4060.0,25.0,4.4,4.224,0.16896,4.364026172100677
2023-10-26,2023-11-02,0.022,False,4137.23,4317.7798,4045.0,25.0,3.5999999999999996,3.4559999999999995,0.13823999999999997,4.364026172100677
2023-10-26,2023-11-02,0.025,False,4137.23,4317.7798,4035.0,25.0,3.200000000000001,3.072000000000001,0.12288000000000004,4.364026172100677
2023-10-26,2023-11-02,0.028,False,4137.23,4317.7798,4020.0,30.0,2.8999999999999995,2.7839999999999994,0.09279999999999998,4.364026172100677
2023-11-03,2023-11-10,0.019,True,4358.3398,4415.2402,4275.0,30.0,2.1999999999999997,2.1119999999999997,0.07039999999999999,1.3055521737887599
2023-11-03,2023-11-10,0.022,True,4358.3398,4415.2402,4260.0,30.0,1.5999999999999996,1.5359999999999996,0.05119999999999999,1.3055521737887599
2023-11-03,2023-11-10,0.025,True,4358.3398,4415.2402,4250.0,30.0,1.2999999999999998,1.2479999999999998,0.04159999999999999,1.3055521737887599
2023-11-03,2023-11-10,0.028,True,4358.3398,4415.2402,4235.0,30.0,1.0,0.96,0.032,1.3055521737887599
2023-11-13,2023-11-20,0.019,True,4411.5498,4547.3799,4330.0,30.0,2.8000000000000007,2.6880000000000006,0.08960000000000003,3.078965582571458
2023-11-13,2023-11-20,0.022,True,4411.5498,4547.3799,4315.0,30.0,2.1,2.016,0.0672,3.078965582571458
2023-11-13,2023-11-20,0.025,True,4411.5498,4547.3799,4300.0,30.0,1.5,1.44,0.048,3.078965582571458
2023-11-13,2023-11-20,0.028,True,4411.5498,4547.3799,4290.0,30.0,1.1500000000000004,1.1040000000000003,0.03680000000000001,3.078965582571458
2023-11-21,2023-11-28,0.019,True,4538.1899,4554.8901,4450.0,30.0,1.2,1.152,0.0384,0.3679925337632728
2023-11-21,2023-11-28,0.022,True,4538.1899,4554.8901,4440.0,30.0,0.8499999999999999,0.8159999999999998,0.027199999999999995,0.3679925337632728
2023-11-21,2023-11-28,0.025,True,4538.1899,4554.8901,4425.0,30.0,0.5,0.48,0.016,0.3679925337632728
2023-11-21,2023-11-28,0.028,True,4538.1899,4554.8901,4410.0,30.0,0.2500000000000001,0.2400000000000001,0.008000000000000004,0.3679925337632728
2023-11-29,2023-12-06,0.019,True,4550.5801,4549.3398,4465.0,30.0,1.35,1.296,0.0432,-0.02725586568622651
2023-11-29,2023-12-06,0.022,True,4550.5801,4549.3398,4450.0,30.0,0.9499999999999997,0.9119999999999997,0.03039999999999999,-0.02725586568622651
2023-11-29,2023-12-06,0.025,True,4550.5801,4549.3398,4435.0,30.0,0.6499999999999999,0.6239999999999999,0.020799999999999996,-0.02725586568622651
2023-11-29,2023-12-06,0.028,True,4550.5801,4549.3398,4425.0,30.0,0.5,0.48,0.016,-0.02725586568622651
2023-12-07,2023-12-14,0.019,True,4585.5898,4719.5498,4500.0,30.0,3.0,2.88,0.096,2.921325409438058
2023-12-07,2023-12-14,0.022,True,4585.5898,4719.5498,4485.0,30.0,2.2,2.112,0.0704,2.921325409438058
2023-12-07,2023-12-14,0.025,True,4585.5898,4719.5498,4470.0,30.0,1.6,1.536,0.0512,2.921325409438058
2023-12-07,2023-12-14,0.028,True,4585.5898,4719.5498,4455.0,30.0,1.15,1.1039999999999999,0.03679999999999999,2.921325409438058
2023-12-15,2023-12-22,0.019,True,4719.1899,4754.6299,4630.0,30.0,1.1,1.056,0.0352,0.7509763487161036
2023-12-15,2023-12-22,0.022,True,4719.1899,4754.6299,4615.0,30.0,0.7,0.6719999999999999,0.022399999999999996,0.7509763487161036
2023-12-15,2023-12-22,0.025,True,4719.1899,4754.6299,4600.0,30.0,0.44999999999999996,0.43199999999999994,0.014399999999999998,0.7509763487161036
2023-12-15,2023-12-22,0.028,True,4719.1899,4754.6299,4585.0,30.0,0.25,0.24,0.008,0.7509763487161036
2023-12-26,2024-01-02,0.019,True,4774.75,4742.8301,4685.0,30.0,0.9500000000000002,0.9120000000000001,0.030400000000000003,-0.6685145819152805
2023-12-26,2024-01-02,0.022,True,4774.75,4742.8301,4670.0,30.0,0.6000000000000001,0.5760000000000001,0.019200000000000002,-0.6685145819152805
2023-12-26,2024-01-02,0.025,True,4774.75,4742.8301,4655.0,30.0,0.3500000000000001,0.3360000000000001,0.011200000000000003,-0.6685145819152805
2023-12-26,2024-01-02,0.028,True,4774.75,4742.8301,4640.0,30.0,0.25,0.24,0.008,-0.6685145819152805
2024-01-03,2024-01-10,0.019,True,4704.8101,4783.4502,4615.0,30.0,1.8000000000000003,1.7280000000000002,0.057600000000000005,1.6714829786647512
2024-01-03,2024-01-10,0.022,True,4704.8101,4783.4502,4600.0,30.0,1.15,1.1039999999999999,0.03679999999999999,1.6714829786647512
2024-01-03,2024-01-10,0.025,True,4704.8101,4783.4502,4585.0,30.0,0.7999999999999998,0.7679999999999998,0.025599999999999994,1.6714829786647512
2024-01-03,2024-01-10,0.028,True,4704.8101,4783.4502,4575.0,30.0,0.5999999999999999,0.5759999999999998,0.019199999999999995,1.6714829786647512
2024-01-11,2024-01-18,0.019,True,4780.2402,4780.9399,4690.0,30.0,1.15,1.1039999999999999,0.03679999999999999,0.014637339772183289
2024-01-11,2024-01-18,0.022,True,4780.2402,4780.9399,4675.0,30.0,0.7999999999999998,0.7679999999999998,0.025599999999999994,0.014637339772183289
2024-01-11,2024-01-18,0.025,True,4780.2402,4780.9399,4660.0,30.0,0.5499999999999998,0.5279999999999998,0.017599999999999994,0.014637339772183289
2024-01-11,2024-01-18,0.028,True,4780.2402,4780.9399,4645.0,30.0,0.34999999999999987,0.33599999999999985,0.011199999999999995,0.014637339772183289
2024-01-19,2024-01-26,0.019,True,4839.8101,4890.9702,4750.0,30.0,1.4499999999999997,1.3919999999999997,0.04639999999999999,1.0570683341480702
2024-01-19,2024-01-26,0.022,True,4839.8101,4890.9702,4735.0,30.0,1.0499999999999998,1.0079999999999998,0.03359999999999999,1.0570683341480702
2024-01-19,2024-01-26,0.025,True,4839.8101,4890.9702,4720.0,30.0,0.7,0.6719999999999999,0.022399999999999996,1.0570683341480702
2024-01-19,2024-01-26,0.028,True,4839.8101,4890.9702,4705.0,30.0,0.55,0.528,0.0176,1.0570683341480702
2024-01-29,2024-02-05,0.019,True,4927.9302,4942.8101,4835.0,30.0,2.7,2.592,0.0864,0.301950299539544
2024-01-29,2024-02-05,0.022,True,4927.9302,4942.8101,4820.0,30.0,2.0,1.92,0.064,0.301950299539544
2024-01-29,2024-02-05,0.025,True,4927.9302,4942.8101,4805.0,30.0,1.4,1.3439999999999999,0.04479999999999999,0.301950299539544
2024-01-29,2024-02-05,0.028,True,4927.9302,4942.8101,4790.0,30.0,1.0,0.96,0.032,0.301950299539544
2024-02-06,2024-02-13,0.019,True,4954.23,4953.1699,4860.0,30.0,1.9,1.8239999999999998,0.06079999999999999,-0.02139787615834665
2024-02-06,2024-02-13,0.022,True,4954.23,4953.1699,4845.0,30.0,1.35,1.296,0.0432,-0.02139787615834665
2024-02-06,2024-02-13,0.025,True,4954.23,4953.1699,4830.0,30.0,0.8999999999999999,0.8639999999999999,0.028799999999999996,-0.02139787615834665
2024-02-06,2024-02-13,0.028,True,4954.23,4953.1699,4815.0,30.0,0.5999999999999999,0.5759999999999998,0.019199999999999995,-0.02139787615834665
2024-02-14,2024-02-21,0.019,True,5000.6201,4981.7998,4905.0,35.0,1.7000000000000002,1.6320000000000001,0.04662857142857143,-0.37635932391665294
2024-02-14,2024-02-21,0.022,True,5000.6201,4981.7998,4890.0,35.0,1.1999999999999997,1.1519999999999997,0.03291428571428571,-0.37635932391665294
2024-02-14,2024-02-21,0.025,True,5000.6201,4981.7998,4875.0,35.0,0.8500000000000001,0.8160000000000001,0.023314285714285714,-0.37635932391665294
2024-02-14,2024-02-21,0.028,True,5000.6201,4981.7998,4860.0,35.0,0.6000000000000001,0.5760000000000001,0.016457142857142858,-0.37635932391665294
2024-02-22,2024-02-29,0.019,True,5087.0298,5096.27,4990.0,35.0,2.1,2.016,0.0576,0.18164234068376306
2024-02-22,2024-02-29,0.022,True,5087.0298,5096.27,4975.0,35.0,1.5,1.44,0.04114285714285714,0.18164234068376306
2024-02-22,2024-02-29,0.025,True,5087.0298,5096.27,4960.0,35.0,1.1,1.056,0.03017142857142857,0.18164234068376306
2024-02-22,2024-02-29,0.028,True,5087.0298,5096.27,4945.0,35.0,0.8000000000000003,0.7680000000000002,0.02194285714285715,0.18164234068376306
2024-03-01,2024-03-08,0.019,True,5137.0801,5123.6899,5040.0,35.0,1.9500000000000002,1.872,0.05348571428571429,-0.26065780052757503
2024-03-01,2024-03-08,0.022,True,5137.0801,5123.6899,5025.0,35.0,1.4,1.3439999999999999,0.0384,-0.26065780052757503
2024-03-01,2024-03-08,0.025,True,5137.0801,5123.6899,5010.0,35.0,1.0,0.96,0.027428571428571427,-0.26065780052757503
2024-03-01,2024-03-08,0.028,True,5137.0801,5123.6899,4995.0,35.0,0.7499999999999998,0.7199999999999998,0.020571428571428563,-0.26065780052757503
2024-03-11,2024-03-18,0.019,True,5117.9399,5149.4199,5020.0,35.0,3.2,3.072,0.08777142857142857,0.6150912401296393
2024-03-11,2024-03-18,0.022,True,5117.9399,5149.4199,5005.0,35.0,2.5,2.4,0.06857142857142857,0.6150912401296393
2024-03-11,2024-03-18,0.025,True,5117.9399,5149.4199,4990.0,35.0,1.9000000000000004,1.8240000000000003,0.052114285714285724,0.6150912401296393
2024-03-11,2024-03-18,0.028,True,5117.9399,5149.4199,4975.0,35.0,1.6000000000000005,1.5360000000000005,0.0438857142857143,0.6150912401296393
2024-03-19,2024-03-26,0.019,True,5178.5098,5203.5801,5080.0,35.0,2.6999999999999993,2.591999999999999,0.07405714285714284,0.48412189931552607
2024-03-19,2024-03-26,0.022,True,5178.5098,5203.5801,5065.0,35.0,1.8999999999999995,1.8239999999999994,0.052114285714285696,0.48412189931552607
2024-03-19,2024-03-26,0.025,True,5178.5098,5203.5801,5050.0,35.0,1.4999999999999996,1.4399999999999995,0.04114285714285713,0.48412189931552607
2024-03-19,2024-03-26,0.028,True,5178.5098,5203.5801,5035.0,35.0,1.1500000000000004,1.1040000000000003,0.03154285714285715,0.48412189931552607
2024-03-27,2024-04-03,0.019,True,5248.4902,5211.4902,5150.0,35.0,0.7,0.6719999999999999,0.0192,-0.7049646391642295
2024-03-27,2024-04-03,0.022,True,5248.4902,5211.4902,5135.0,35.0,0.4,0.384,0.010971428571428571,-0.7049646391642295
2024-03-27,2024-04-03,0.025,True,5248.4902,5211.4902,5115.0,35.0,0.19999999999999996,0.19199999999999995,0.005485714285714284,-0.7049646391642295
2024-03-27,2024-04-03,0.028,True,5248.4902,5211.4902,5100.0,35.0,0.15000000000000002,0.14400000000000002,0.004114285714285714,-0.7049646391642295
2024-04-04,2024-04-11,0.019,True,5147.21,5199.0601,5050.0,35.0,4.1,3.9359999999999995,0.11245714285714284,1.0073437843025612
2024-04-04,2024-04-11,0.022,True,5147.21,5199.0601,5035.0,35.0,3.4000000000000004,3.2640000000000002,0.09325714285714286,1.0073437843025612
2024-04-04,2024-04-11,0.025,True,5147.21,5199.0601,5020.0,35.0,2.6999999999999993,2.591999999999999,0.07405714285714284,1.0073437843025612
2024-04-04,2024-04-11,0.028,True,5147.21,5199.0601,5005.0,35.0,2.1999999999999993,2.111999999999999,0.06034285714285712,1.0073437843025612
2024-04-12,2024-04-19,0.019,True,5123.4102,4967.23,5025.0,35.0,3.700000000000001,-31.448,-0.8985142857142857,-3.0483641540160256
2024-04-12,2024-04-19,0.022,True,5123.4102,4967.23,5010.0,35.0,3.0,-32.12,-0.9177142857142856,-3.0483641540160256
2024-04-12,2024-04-19,0.025,True,5123.4102,4967.23,4995.0,35.0,2.299999999999999,-25.562000000000438,-0.7303428571428696,-3.0483641540160256
2024-04-12,2024-04-19,0.028,True,5123.4102,4967.23,4980.0,35.0,1.9000000000000004,-10.946000000000437,-0.31274285714286965,-3.0483641540160256
2024-04-22,2024-04-29,0.019,True,5010.6001,5116.1699,4915.0,35.0,4.1,3.9359999999999995,0.11245714285714284,2.106929267813662
2024-04-22,2024-04-29,0.022,True,5010.6001,5116.1699,4900.0,35.0,3.3000000000000007,3.1680000000000006,0.09051428571428573,2.106929267813662
2024-04-22,2024-04-29,0.025,True,5010.6001,5116.1699,4885.0,35.0,2.6000000000000005,2.4960000000000004,0.07131428571428573,2.106929267813662
2024-04-22,2024-04-29,0.028,True,5010.6001,5116.1699,4870.0,35.0,2.0,1.92,0.054857142857142854,2.106929267813662
2024-04-30,2024-05-07,0.019,True,5035.6899,5187.7002,4940.0,35.0,4.1,3.9359999999999995,0.11245714285714284,3.0186588733353004
2024-04-30,2024-05-07,0.022,True,5035.6899,5187.7002,4925.0,35.0,3.0,2.88,0.08228571428571428,3.0186588733353004
2024-04-30,2024-05-07,0.025,True,5035.6899,5187.7002,4910.0,35.0,2.3,2.2079999999999997,0.06308571428571427,3.0186588733353004
2024-04-30,2024-05-07,0.028,True,5035.6899,5187.7002,4895.0,35.0,1.6,1.536,0.043885714285714285,3.0186588733353004
2024-05-08,2024-05-15,0.019,True,5187.6699,5308.1499,5090.0,35.0,3.0999999999999996,2.9759999999999995,0.08502857142857141,2.32242996031804
2024-05-08,2024-05-15,0.022,True,5187.6699,5308.1499,5075.0,35.0,2.3499999999999996,2.256,0.06445714285714285,2.32242996031804
2024-05-08,2024-05-15,0.025,True,5187.6699,5308.1499,5060.0,35.0,1.6999999999999997,1.6319999999999997,0.04662857142857142,2.32242996031804
2024-05-08,2024-05-15,0.028,True,5187.6699,5308.1499,5040.0,35.0,1.0999999999999999,1.0559999999999998,0.030171428571428568,2.32242996031804
2024-05-16,2024-05-23,0.019,True,5297.1001,5267.8398,5195.0,35.0,1.6,1.536,0.043885714285714285,-0.5523833691570168
2024-05-16,2024-05-23,0.022,True,5297.1001,5267.8398,5180.0,35.0,1.1,1.056,0.03017142857142857,-0.5523833691570168
2024-05-16,2024-05-23,0.025,True,5297.1001,5267.8398,5165.0,35.0,0.7499999999999998,0.7199999999999998,0.020571428571428563,-0.5523833691570168
2024-05-16,2024-05-23,0.028,True,5297.1001,5267.8398,5150.0,35.0,0.5,0.48,0.013714285714285714,-0.5523833691570168
2024-05-24,2024-05-31,0.019,True,5304.7202,5277.5098,5205.0,35.0,0.95,0.9119999999999999,0.026057142857142855,-0.5129469411035092
2024-05-24,2024-05-31,0.022,True,5304.7202,5277.5098,5190.0,35.0,0.6500000000000001,0.6240000000000001,0.017828571428571433,-0.5129469411035092
2024-05-24,2024-05-31,0.025,True,5304.7202,5277.5098,5170.0,35.0,0.3500000000000001,0.3360000000000001,0.009600000000000003,-0.5129469411035092
2024-05-24,2024-05-31,0.028,True,5304.7202,5277.5098,5155.0,35.0,0.2499999999999999,0.23999999999999988,0.006857142857142853,-0.5129469411035092
2024-06-03,2024-06-10,0.019,True,5283.3999,5360.79,5185.0,35.0,2.45,2.352,0.0672,1.4647783901422962
2024-06-03,2024-06-10,0.022,True,5283.3999,5360.79,5165.0,35.0,1.5,1.44,0.04114285714285714,1.4647783901422962
2024-06-03,2024-06-10,0.025,True,5283.3999,5360.79,5150.0,35.0,1.0,0.96,0.027428571428571427,1.4647783901422962
2024-06-03,2024-06-10,0.028,True,5283.3999,5360.79,5135.0,35.0,0.6000000000000001,0.5760000000000001,0.016457142857142858,1.4647783901422962
2024-06-11,2024-06-18,0.019,True,5375.3198,5487.0298,5275.0,35.0,3.2,3.072,0.08777142857142857,2.078201933213353
2024-06-11,2024-06-18,0.022,True,5375.3198,5487.0298,5255.0,35.0,2.1999999999999997,2.1119999999999997,0.060342857142857136,2.078201933213353
2024-06-11,2024-06-18,0.025,True,5375.3198,5487.0298,5240.0,35.0,1.6499999999999995,1.5839999999999994,0.04525714285714284,2.078201933213353
2024-06-11,2024-06-18,0.028,True,5375.3198,5487.0298,5225.0,35.0,1.2000000000000002,1.1520000000000001,0.032914285714285715,2.078201933213353
2024-06-20,2024-06-27,0.019,True,5473.1699,5482.8701,5370.0,35.0,1.6499999999999995,1.5839999999999994,0.04525714285714284,0.17723184511411194
2024-06-20,2024-06-27,0.022,True,5473.1699,5482.8701,5355.0,35.0,1.1,1.056,0.03017142857142857,0.17723184511411194
2024-06-20,2024-06-27,0.025,True,5473.1699,5482.8701,5335.0,35.0,0.6999999999999997,0.6719999999999997,0.01919999999999999,0.17723184511411194
2024-06-20,2024-06-27,0.028,True,5473.1699,5482.8701,5320.0,35.0,0.4500000000000002,0.43200000000000016,0.012342857142857147,0.17723184511411194
2024-06-28,2024-07-05,0.019,True,5460.48,5567.1899,5355.0,35.0,1.05,1.008,0.0288,1.9542219731598864
2024-06-28,2024-07-05,0.022,True,5460.48,5567.1899,5340.0,35.0,0.6500000000000001,0.6240000000000001,0.017828571428571433,1.9542219731598864
2024-06-28,2024-07-05,0.025,True,5460.48,5567.1899,5325.0,35.0,0.44999999999999996,0.43199999999999994,0.012342857142857142,1.9542219731598864
2024-06-28,2024-07-05,0.028,True,5460.48,5567.1899,5310.0,35.0,0.2499999999999999,0.23999999999999988,0.006857142857142853,1.9542219731598864
2024-07-08,2024-07-15,0.019,True,5572.8501,5631.2202,5465.0,35.0,1.2000000000000002,1.1520000000000001,0.032914285714285715,1.0474012211453498
2024-07-08,2024-07-15,0.022,True,5572.8501,5631.2202,5450.0,35.0,0.7999999999999998,0.7679999999999998,0.021942857142857135,1.0474012211453498
2024-07-08,2024-07-15,0.025,True,5572.8501,5631.2202,5435.0,35.0,0.55,0.528,0.015085714285714286,1.0474012211453498
2024-07-08,2024-07-15,0.028,True,5572.8501,5631.2202,5415.0,35.0,0.30000000000000004,0.28800000000000003,0.008228571428571429,1.0474012211453498
2024-07-16,2024-07-23,0.019,True,5667.2002,5555.7402,5560.0,35.0,1.5500000000000003,-2.7717999999998133,-0.07919428571428037,-1.9667560006085605
2024-07-16,2024-07-23,0.022,True,5667.2002,5555.7402,5545.0,35.0,1.0000000000000002,0.9600000000000002,0.027428571428571434,-1.9667560006085605
2024-07-16,2024-07-23,0.025,True,5667.2002,5555.7402,5525.0,35.0,0.5999999999999999,0.5759999999999998,0.016457142857142854,-1.9667560006085605
2024-07-16,2024-07-23,0.028,True,5667.2002,5555.7402,5510.0,35.0,0.40000000000000013,0.3840000000000001,0.010971428571428575,-1.9667560006085605
2024-07-24,2024-07-31,0.019,True,5427.1299,5522.2998,5325.0,35.0,4.1,3.9359999999999995,0.11245714285714284,1.753595394869767
2024-07-24,2024-07-31,0.022,True,5427.1299,5522.2998,5310.0,35.0,3.4000000000000004,3.2640000000000002,0.09325714285714286,1.753595394869767
2024-07-24,2024-07-31,0.025,True,5427.1299,5522.2998,5290.0,35.0,2.500000000000001,2.400000000000001,0.06857142857142859,1.753595394869767
2024-07-24,2024-07-31,0.028,True,5427.1299,5522.2998,5275.0,35.0,2.0999999999999996,2.0159999999999996,0.057599999999999985,1.753595394869767
2024-08-01,2024-08-08,0.019,True,5446.6802,5319.3101,5345.0,35.0,6.100000000000001,-19.833900000000305,-0.5666828571428658,-2.338490517581704
2024-08-01,2024-08-08,0.022,True,5446.6802,5319.3101,5325.0,35.0,4.899999999999999,-0.9859000000003082,-0.028168571428580234,-2.338490517581704
2024-08-01,2024-08-08,0.025,True,5446.6802,5319.3101,5310.0,35.0,3.9000000000000004,3.744,0.10697142857142858,-2.338490517581704
2024-08-01,2024-08-08,0.028,True,5446.6802,5319.3101,5295.0,35.0,3.3000000000000007,3.1680000000000006,0.09051428571428573,-2.338490517581704
2024-08-09,2024-08-16,0.019,True,5344.1602,5554.25,5245.0,35.0,5.399999999999999,5.183999999999998,0.14811428571428567,3.931203259962146
2024-08-09,2024-08-16,0.022,True,5344.1602,5554.25,5225.0,35.0,4.5,4.32,0.12342857142857144,3.931203259962146
2024-08-09,2024-08-16,0.025,True,5344.1602,5554.25,5210.0,35.0,3.9000000000000004,3.744,0.10697142857142858,3.931203259962146
2024-08-09,2024-08-16,0.028,True,5344.1602,5554.25,5195.0,35.0,3.4000000000000004,3.2640000000000002,0.09325714285714286,3.931203259962146
2024-08-19,2024-08-26,0.019,True,5608.25,5616.8398,5500.0,35.0,2.5000000000000004,2.4000000000000004,0.06857142857142857,0.15316364284758688
2024-08-19,2024-08-26,0.022,True,5608.25,5616.8398,5485.0,35.0,1.9,1.8239999999999998,0.05211428571428571,0.15316364284758688
2024-08-19,2024-08-26,0.025,True,5608.25,5616.8398,5470.0,35.0,1.5,1.44,0.04114285714285714,0.15316364284758688
2024-08-19,2024-08-26,0.028,True,5608.25,5616.8398,5450.0,35.0,1.0000000000000002,0.9600000000000002,0.027428571428571434,0.15316364284758688
2024-08-27,2024-09-03,0.019,True,5625.7998,5528.9302,5520.0,35.0,2.3500000000000005,2.2560000000000002,0.06445714285714287,-1.7218813936464628
2024-08-27,2024-09-03,0.022,True,5625.7998,5528.9302,5500.0,35.0,1.4000000000000001,1.344,0.038400000000000004,-1.7218813936464628
2024-08-27,2024-09-03,0.025,True,5625.7998,5528.9302,5485.0,35.0,0.95,0.9119999999999999,0.026057142857142855,-1.7218813936464628
2024-08-27,2024-09-03,0.028,True,5625.7998,5528.9302,5470.0,35.0,0.6500000000000001,0.6240000000000001,0.017828571428571433,-1.7218813936464628
2024-09-04,2024-09-11,0.019,True,5520.0698,5554.1299,5415.0,35.0,5.5,5.279999999999999,0.15085714285714283,0.6170229948903927
2024-09-04,2024-09-11,0.022,True,5520.0698,5554.1299,5400.0,35.0,4.699999999999999,4.512,0.1289142857142857,0.6170229948903927
2024-09-04,2024-09-11,0.025,True,5520.0698,5554.1299,5380.0,40.0,4.4,4.224,0.1056,0.6170229948903927
2024-09-04,2024-09-11,0.028,True,5520.0698,5554.1299,5365.0,35.0,3.3000000000000007,3.1680000000000006,0.09051428571428573,0.6170229948903927
2024-09-12,2024-09-19,0.019,True,5595.7598,5713.6401,5490.0,35.0,4.200000000000001,4.032000000000001,0.11520000000000002,2.1066004298468943
2024-09-12,2024-09-19,0.022,True,5595.7598,5713.6401,5475.0,35.0,3.5,3.36,0.096,2.1066004298468943
2024-09-12,2024-09-19,0.025,True,5595.7598,5713.6401,5455.0,35.0,2.9000000000000004,2.7840000000000003,0.07954285714285715,2.1066004298468943
2024-09-12,2024-09-19,0.028,True,5595.7598,5713.6401,5440.0,35.0,2.4000000000000004,2.3040000000000003,0.06582857142857143,2.1066004298468943
2024-09-20,2024-09-27,0.019,True,5702.5498,5738.1699,5595.0,35.0,2.5999999999999996,2.4959999999999996,0.0713142857142857,0.6246346152031901
2024-09-20,2024-09-27,0.022,True,5702.5498,5738.1699,5575.0,35.0,1.9,1.8239999999999998,0.05211428571428571,0.6246346152031901
2024-09-20,2024-09-27,0.025,True,5702.5498,5738.1699,5560.0,35.0,1.5499999999999998,1.4879999999999998,0.042514285714285706,0.6246346152031901
2024-09-20,2024-09-27,0.028,True,5702.5498,5738.1699,5545.0,35.0,1.2000000000000002,1.1520000000000001,0.032914285714285715,0.6246346152031901
2024-09-30,2024-10-07,0.019,True,5762.48,5695.9399,5655.0,40.0,4.700000000000001,4.5120000000000005,0.11280000000000001,-1.154712901389665
2024-09-30,2024-10-07,0.022,True,5762.48,5695.9399,5635.0,40.0,3.8,3.6479999999999997,0.09119999999999999,-1.154712901389665
2024-09-30,2024-10-07,0.025,True,5762.48,5695.9399,5620.0,40.0,3.1000000000000005,2.9760000000000004,0.07440000000000001,-1.154712901389665
2024-09-30,2024-10-07,0.028,True,5762.48,5695.9399,5600.0,40.0,2.3,2.2079999999999997,0.05519999999999999,-1.154712901389665
2024-10-08,2024-10-15,0.019,True,5751.1299,5815.2598,5640.0,40.0,4.299999999999999,4.127999999999999,0.10319999999999999,1.1150834899416928
2024-10-08,2024-10-15,0.022,True,5751.1299,5815.2598,5625.0,40.0,3.6000000000000014,3.4560000000000013,0.08640000000000003,1.1150834899416928
2024-10-08,2024-10-15,0.025,True,5751.1299,5815.2598,5605.0,40.0,2.999999999999999,2.879999999999999,0.07199999999999998,1.1150834899416928
2024-10-08,2024-10-15,0.028,True,5751.1299,5815.2598,5590.0,40.0,2.500000000000001,2.400000000000001,0.06000000000000002,1.1150834899416928
2024-10-16,2024-10-23,0.019,True,5842.4702,5797.4199,5730.0,40.0,2.7,2.592,0.0648,-0.7710830942706415
2024-10-16,2024-10-23,0.022,True,5842.4702,5797.4199,5715.0,40.0,2.1000000000000005,2.0160000000000005,0.050400000000000014,-0.7710830942706415
2024-10-16,2024-10-23,0.025,True,5842.4702,5797.4199,5695.0,40.0,1.5999999999999996,1.5359999999999996,0.03839999999999999,-0.7710830942706415
2024-10-16,2024-10-23,0.028,True,5842.4702,5797.4199,5680.0,40.0,1.1999999999999997,1.1519999999999997,0.028799999999999992,-0.7710830942706415
2024-10-24,2024-10-31,0.019,True,5809.8599,5705.4502,5700.0,40.0,3.0999999999999996,2.9759999999999995,0.0744,-1.7971121816551916
2024-10-24,2024-10-31,0.022,True,5809.8599,5705.4502,5680.0,40.0,2.4000000000000004,2.3040000000000003,0.057600000000000005,-1.7971121816551916
2024-10-24,2024-10-31,0.025,True,5809.8599,5705.4502,5665.0,40.0,1.8999999999999995,1.8239999999999994,0.04559999999999999,-1.7971121816551916
2024-10-24,2024-10-31,0.028,True,5809.8599,5705.4502,5645.0,40.0,1.3999999999999995,1.3439999999999994,0.033599999999999984,-1.7971121816551916
2024-11-01,2024-11-08,0.019,True,5728.7998,5995.54,5620.0,35.0,7.299999999999997,7.007999999999997,0.20022857142857134,4.656127100130125
2024-11-01,2024-11-08,0.022,True,5728.7998,5995.54,5605.0,35.0,6.699999999999999,6.4319999999999995,0.18377142857142856,4.656127100130125
2024-11-01,2024-11-08,0.025,True,5728.7998,5995.54,5585.0,35.0,5.900000000000002,5.6640000000000015,0.16182857142857146,4.656127100130125
2024-11-01,2024-11-08,0.028,True,5728.7998,5995.54,5570.0,40.0,6.0,5.76,0.144,4.656127100130125
2024-11-11,2024-11-18,0.019,True,6001.3501,5893.6201,5885.0,40.0,2.3000000000000003,2.208,0.055200000000000006,-1.7950960734651966
2024-11-11,2024-11-18,0.022,True,6001.3501,5893.6201,5870.0,40.0,1.7000000000000002,1.6320000000000001,0.0408,-1.7950960734651966
2024-11-11,2024-11-18,0.025,True,6001.3501,5893.6201,5850.0,40.0,1.1999999999999997,1.1519999999999997,0.028799999999999992,-1.7950960734651966
2024-11-11,2024-11-18,0.028,True,6001.3501,5893.6201,5835.0,40.0,0.9499999999999997,0.9119999999999997,0.022799999999999994,-1.7950960734651966
2024-11-19,2024-11-26,0.019,True,5916.98,6021.6299,5805.0,40.0,3.9000000000000004,3.744,0.0936,1.7686370411933217
2024-11-19,2024-11-26,0.022,True,5916.98,6021.6299,5785.0,40.0,3.0,2.88,0.072,1.7686370411933217
2024-11-19,2024-11-26,0.025,True,5916.98,6021.6299,5770.0,40.0,2.5,2.4,0.06,1.7686370411933217
2024-11-19,2024-11-26,0.028,True,5916.98,6021.6299,5750.0,40.0,1.7999999999999998,1.7279999999999998,0.043199999999999995,1.7686370411933217
2024-11-27,2024-12-04,0.019,True,5998.7402,6086.4902,5885.0,40.0,1.35,1.296,0.0324,1.4628071407393195
2024-11-27,2024-12-04,0.022,True,5998.7402,6086.4902,5865.0,40.0,0.75,0.72,0.018,1.4628071407393195
2024-11-27,2024-12-04,0.025,True,5998.7402,6086.4902,5850.0,40.0,0.5499999999999999,0.5279999999999999,0.013199999999999998,1.4628071407393195
2024-11-27,2024-12-04,0.028,True,5998.7402,6086.4902,5830.0,40.0,0.30000000000000004,0.28800000000000003,0.007200000000000001,1.4628071407393195
2024-12-05,2024-12-12,0.019,True,6075.1099,6051.25,5960.0,40.0,1.7499999999999996,1.6799999999999995,0.04199999999999999,-0.3927484505259815
2024-12-05,2024-12-12,0.022,True,6075.1099,6051.25,5940.0,40.0,1.25,1.2,0.03,-0.3927484505259815
2024-12-05,2024-12-12,0.025,True,6075.1099,6051.25,5925.0,40.0,0.9500000000000002,0.9120000000000001,0.022800000000000004,-0.3927484505259815
2024-12-05,2024-12-12,0.028,True,6075.1099,6051.25,5905.0,40.0,0.6499999999999999,0.6239999999999999,0.015599999999999998,-0.3927484505259815
2024-12-13,2024-12-20,0.019,True,6051.0898,5930.8501,5935.0,40.0,1.7000000000000002,-2.5179000000003433,-0.06294750000000858,-1.987075121575621
2024-12-13,2024-12-20,0.022,True,6051.0898,5930.8501,5920.0,40.0,1.2499999999999996,1.1999999999999995,0.02999999999999999,-1.987075121575621
2024-12-13,2024-12-20,0.025,True,6051.0898,5930.8501,5900.0,40.0,0.8499999999999996,0.8159999999999996,0.02039999999999999,-1.987075121575621
2024-12-13,2024-12-20,0.028,True,6051.0898,5930.8501,5880.0,40.0,0.6000000000000001,0.5760000000000001,0.014400000000000001,-1.987075121575621
2024-12-23,2024-12-30,0.019,True,5974.0698,5906.9399,5860.0,40.0,3.500000000000001,3.3600000000000008,0.08400000000000002,-1.1236879087016982
2024-12-23,2024-12-30,0.022,True,5974.0698,5906.9399,5845.0,40.0,2.8999999999999995,2.7839999999999994,0.06959999999999998,-1.1236879087016982
2024-12-23,2024-12-30,0.025,True,5974.0698,5906.9399,5825.0,40.0,2.2,2.112,0.0528,-1.1236879087016982
2024-12-23,2024-12-30,0.028,True,5974.0698,5906.9399,5805.0,40.0,1.7000000000000002,1.6320000000000001,0.0408,-1.1236879087016982
2024-12-31,2025-01-07,0.019,True,5881.6299,5909.0298,5770.0,40.0,3.9000000000000004,3.744,0.0936,0.4658555615680626
2024-12-31,2025-01-07,0.022,True,5881.6299,5909.0298,5750.0,40.0,2.9000000000000004,2.7840000000000003,0.06960000000000001,0.4658555615680626
2024-12-31,2025-01-07,0.025,True,5881.6299,5909.0298,5735.0,40.0,2.3,2.2079999999999997,0.05519999999999999,0.4658555615680626
2024-12-31,2025-01-07,0.028,True,5881.6299,5909.0298,5715.0,40.0,1.5,1.44,0.036,0.4658555615680626
2025-01-08,2025-01-15,0.019,True,5918.23,5949.9102,5805.0,40.0,4.799999999999999,4.607999999999999,0.11519999999999997,0.5352985605493688
2025-01-08,2025-01-15,0.022,True,5918.23,5949.9102,5790.0,40.0,4.0,3.84,0.096,0.5352985605493688
2025-01-08,2025-01-15,0.025,True,5918.23,5949.9102,5770.0,40.0,3.0999999999999996,2.9759999999999995,0.0744,0.5352985605493688
2025-01-08,2025-01-15,0.028,True,5918.23,5949.9102,5755.0,40.0,2.5,2.4,0.06,0.5352985605493688
2025-01-16,2025-01-23,0.019,True,5937.3398,6118.71,5825.0,40.0,4.0,3.84,0.096,3.0547384200581007
2025-01-16,2025-01-23,0.022,True,5937.3398,6118.71,5805.0,40.0,2.9,2.784,0.0696,3.0547384200581007
2025-01-16,2025-01-23,0.025,True,5937.3398,6118.71,5790.0,40.0,2.3000000000000003,2.208,0.055200000000000006,3.0547384200581007
2025-01-16,2025-01-23,0.028,True,5937.3398,6118.71,5770.0,40.0,1.6,1.536,0.038400000000000004,3.0547384200581007
2025-01-24,2025-01-31,0.019,True,6101.2402,6040.5298,5985.0,40.0,3.5,3.36,0.08399999999999999,-0.9950501539015
2025-01-24,2025-01-31,0.022,True,6101.2402,6040.5298,5965.0,40.0,2.5000000000000004,2.4000000000000004,0.06000000000000001,-0.9950501539015
2025-01-24,2025-01-31,0.025,True,6101.2402,6040.5298,5950.0,40.0,2.0,1.92,0.048,-0.9950501539015
2025-01-24,2025-01-31,0.028,True,6101.2402,6040.5298,5930.0,40.0,1.4500000000000002,1.3920000000000001,0.034800000000000005,-0.9950501539015
2025-02-03,2025-02-10,0.019,True,5994.5698,6066.4399,5880.0,40.0,5.899999999999999,5.663999999999999,0.14159999999999998,1.1989200626206786
2025-02-03,2025-02-10,0.022,True,5994.5698,6066.4399,5865.0,40.0,5.1,4.896,0.1224,1.1989200626206786
2025-02-03,2025-02-10,0.025,True,5994.5698,6066.4399,5845.0,40.0,4.1,3.9359999999999995,0.09839999999999999,1.1989200626206786
2025-02-03,2025-02-10,0.028,True,5994.5698,6066.4399,5825.0,40.0,3.4000000000000004,3.2640000000000002,0.0816,1.1989200626206786
2025-02-11,2025-02-18,0.019,True,6068.5,6129.5801,5955.0,40.0,3.0999999999999996,2.9759999999999995,0.0744,1.0065106698525117
2025-02-11,2025-02-18,0.022,True,6068.5,6129.5801,5935.0,40.0,2.3000000000000003,2.208,0.055200000000000006,1.0065106698525117
2025-02-11,2025-02-18,0.025,True,6068.5,6129.5801,5915.0,40.0,1.7000000000000002,1.6320000000000001,0.0408,1.0065106698525117
2025-02-11,2025-02-18,0.028,True,6068.5,6129.5801,5900.0,40.0,1.35,1.296,0.0324,1.0065106698525117
2025-02-19,2025-02-26,0.019,True,6144.1499,5956.0601,6025.0,40.0,2.1,-37.984,-0.9496,-3.0612827333525883
2025-02-19,2025-02-26,0.022,True,6144.1499,5956.0601,6010.0,40.0,1.7000000000000002,-38.368,-0.9592,-3.0612827333525883
2025-02-19,2025-02-26,0.025,True,6144.1499,5956.0601,5990.0,40.0,1.1999999999999997,-32.787900000000306,-0.8196975000000076,-3.0612827333525883
2025-02-19,2025-02-26,0.028,True,6144.1499,5956.0601,5970.0,40.0,0.8500000000000001,-13.123900000000306,-0.32809750000000765,-3.0612827333525883
2025-02-27,2025-03-06,0.019,True,5861.5698,5738.52,5750.0,40.0,6.699999999999999,-5.047999999999564,-0.1261999999999891,-2.099263579527788
2025-02-27,2025-03-06,0.022,True,5861.5698,5738.52,5735.0,35.0,5.200000000000001,4.992000000000001,0.14262857142857147,-2.099263579527788
2025-02-27,2025-03-06,0.025,True,5861.5698,5738.52,5720.0,40.0,5.200000000000001,4.992000000000001,0.12480000000000002,-2.099263579527788
2025-02-27,2025-03-06,0.028,True,5861.5698,5738.52,5700.0,40.0,4.199999999999999,4.031999999999999,0.10079999999999997,-2.099263579527788
2025-03-07,2025-03-14,0.019,True,5770.2002,5638.9399,5660.0,40.0,9.399999999999999,-12.036099999999694,-0.30090249999999236,-2.274796288697223
2025-03-07,2025-03-14,0.022,True,5770.2002,5638.9399,5645.0,40.0,8.5,2.099900000000307,0.05249750000000768,-2.274796288697223
2025-03-07,2025-03-14,0.025,True,5770.2002,5638.9399,5625.0,35.0,6.599999999999998,6.335999999999998,0.18102857142857137,-2.274796288697223
2025-03-07,2025-03-14,0.028,True,5770.2002,5638.9399,5610.0,40.0,6.800000000000001,6.5280000000000005,0.1632,-2.274796288697223
2025-03-17,2025-03-24,0.019,False,5675.1201,5767.5698,5565.0,35.0,6.300000000000001,6.048,0.1728,1.6290351282609805
2025-03-17,2025-03-24,0.022,False,5675.1201,5767.5698,5550.0,35.0,5.500000000000002,5.280000000000001,0.15085714285714288,1.6290351282609805
2025-03-17,2025-03-24,0.025,False,5675.1201,5767.5698,5535.0,35.0,4.9,4.704,0.1344,1.6290351282609805
2025-03-17,2025-03-24,0.028,False,5675.1201,5767.5698,5515.0,35.0,4.0,3.84,0.10971428571428571,1.6290351282609805
2025-03-25,2025-04-01,0.019,True,5776.6499,5633.0698,5665.0,40.0,5.0,-27.130199999999785,-0.6782549999999946,-2.4855253907632546
2025-03-25,2025-04-01,0.022,True,5776.6499,5633.0698,5650.0,40.0,4.300000000000001,-12.802199999999786,-0.32005499999999465,-2.4855253907632546
2025-03-25,2025-04-01,0.025,True,5776.6499,5633.0698,5630.0,40.0,3.4000000000000004,3.2640000000000002,0.0816,-2.4855253907632546
2025-03-25,2025-04-01,0.028,True,5776.6499,5633.0698,5615.0,40.0,2.799999999999999,2.687999999999999,0.06719999999999997,-2.4855253907632546
2025-04-02,2025-04-09,0.019,False,5670.9702,5456.8999,5565.0,35.0,7.400000000000002,-27.895999999999997,-0.7970285714285713,-3.7748443820071476
2025-04-02,2025-04-09,0.022,False,5670.9702,5456.8999,5545.0,35.0,6.5,-28.759999999999998,-0.8217142857142856,-3.7748443820071476
2025-04-02,2025-04-09,0.025,False,5670.9702,5456.8999,5530.0,35.0,5.900000000000002,-29.336,-0.8381714285714286,-3.7748443820071476
2025-04-02,2025-04-09,0.028,False,5670.9702,5456.8999,5510.0,35.0,5.200000000000003,-30.007999999999996,-0.8573714285714285,-3.7748443820071476
2025-04-10,2025-04-17,0.019,False,5268.0498,5282.7002,5170.0,35.0,7.200000000000003,6.912000000000003,0.19748571428571435,0.2780991174381242
2025-04-10,2025-04-17,0.022,False,5268.0498,5282.7002,5150.0,35.0,5.400000000000006,5.1840000000000055,0.14811428571428586,0.2780991174381242
2025-04-10,2025-04-17,0.025,False,5268.0498,5282.7002,5135.0,35.0,4.5,4.32,0.12342857142857144,0.2780991174381242
2025-04-10,2025-04-17,0.028,False,5268.0498,5282.7002,5120.0,35.0,5.3999999999999915,5.183999999999991,0.14811428571428548,0.2780991174381242
2025-04-21,2025-04-28,0.019,False,5158.2002,5528.75,5060.0,35.0,9.799999999999997,9.407999999999998,0.26879999999999993,7.183703339005731
2025-04-21,2025-04-28,0.022,False,5158.2002,5528.75,5045.0,35.0,9.100000000000001,8.736,0.24960000000000002,7.183703339005731
2025-04-21,2025-04-28,0.025,False,5158.2002,5528.75,5030.0,35.0,8.399999999999999,8.063999999999998,0.23039999999999994,7.183703339005731
2025-04-21,2025-04-28,0.028,False,5158.2002,5528.75,5015.0,35.0,7.799999999999997,7.487999999999997,0.21394285714285705,7.183703339005731
2025-04-29,2025-05-06,0.019,False,5560.8301,5606.9102,5455.0,35.0,6.800000000000001,6.5280000000000005,0.18651428571428572,0.8286550599702736
2025-04-29,2025-05-06,0.022,False,5560.8301,5606.9102,5440.0,35.0,6.099999999999998,5.855999999999998,0.16731428571428567,0.8286550599702736
2025-04-29,2025-05-06,0.025,False,5560.8301,5606.9102,5420.0,35.0,5.399999999999999,5.183999999999998,0.14811428571428567,0.8286550599702736
2025-04-29,2025-05-06,0.028,False,5560.8301,5606.9102,5405.0,35.0,4.800000000000001,4.6080000000000005,0.13165714285714286,0.8286550599702736
2025-05-09,2025-05-16,0.019,False,5659.9102,5958.3799,5550.0,35.0,5.800000000000001,5.5680000000000005,0.1590857142857143,5.27339992072664
2025-05-09,2025-05-16,0.022,False,5659.9102,5958.3799,5535.0,35.0,5.100000000000001,4.896000000000001,0.1398857142857143,5.27339992072664
2025-05-09,2025-05-16,0.025,False,5659.9102,5958.3799,5520.0,35.0,4.399999999999999,4.223999999999998,0.12068571428571424,5.27339992072664
2025-05-09,2025-05-16,0.028,False,5659.9102,5958.3799,5500.0,35.0,3.6000000000000014,3.4560000000000013,0.09874285714285717,5.27339992072664
2025-05-19,2025-05-27,0.019,True,5963.6001,5921.54,5850.0,40.0,5.1,4.896,0.1224,-0.7052803557367926
2025-05-19,2025-05-27,0.022,True,5963.6001,5921.54,5830.0,40.0,4.1,3.9359999999999995,0.09839999999999999,-0.7052803557367926
2025-05-19,2025-05-27,0.025,True,5963.6001,5921.54,5815.0,40.0,3.5999999999999996,3.4559999999999995,0.08639999999999999,-0.7052803557367926
2025-05-19,2025-05-27,0.028,True,5963.6001,5921.54,5795.0,40.0,2.8,2.6879999999999997,0.0672,-0.7052803557367926
2025-05-28,2025-06-04,0.019,True,5888.5498,5970.8101,5775.0,40.0,5.5,5.279999999999999,0.13199999999999998,1.3969534570294373
2025-05-28,2025-06-04,0.022,True,5888.5498,5970.8101,5760.0,40.0,4.699999999999999,4.512,0.11279999999999998,1.3969534570294373
2025-05-28,2025-06-04,0.025,True,5888.5498,5970.8101,5740.0,40.0,3.8,3.6479999999999997,0.09119999999999999,1.3969534570294373
2025-05-28,2025-06-04,0.028,True,5888.5498,5970.8101,5725.0,40.0,3.200000000000001,3.072000000000001,0.07680000000000002,1.3969534570294373
2025-06-05,2025-06-12,0.019,True,5939.2998,6045.2598,5825.0,40.0,5.200000000000001,4.992000000000001,0.12480000000000002,1.7840486853349269
2025-06-05,2025-06-12,0.022,True,5939.2998,6045.2598,5810.0,40.0,4.5,4.32,0.10800000000000001,1.7840486853349269
2025-06-05,2025-06-12,0.025,True,5939.2998,6045.2598,5790.0,40.0,3.700000000000001,3.552000000000001,0.08880000000000002,1.7840486853349269
2025-06-05,2025-06-12,0.028,True,5939.2998,6045.2598,5775.0,40.0,3.0999999999999996,2.9759999999999995,0.0744,1.7840486853349269
2025-06-13,2025-06-20,0.019,True,5976.9702,5967.8398,5865.0,40.0,4.9,4.704,0.1176,-0.15275967077768016
2025-06-13,2025-06-20,0.022,True,5976.9702,5967.8398,5845.0,40.0,4.1,3.9359999999999995,0.09839999999999999,-0.15275967077768016
2025-06-13,2025-06-20,0.025,True,5976.9702,5967.8398,5830.0,40.0,3.5999999999999996,3.4559999999999995,0.08639999999999999,-0.15275967077768016
2025-06-13,2025-06-20,0.028,True,5976.9702,5967.8398,5810.0,40.0,2.9000000000000004,2.7840000000000003,0.06960000000000001,-0.15275967077768016
2025-06-23,2025-06-30,0.019,True,6025.1699,6204.9502,5910.0,40.0,4.399999999999999,4.223999999999998,0.10559999999999996,2.983821252907748
2025-06-23,2025-06-30,0.022,True,6025.1699,6204.9502,5895.0,40.0,3.6999999999999993,3.551999999999999,0.08879999999999998,2.983821252907748
2025-06-23,2025-06-30,0.025,True,6025.1699,6204.9502,5875.0,40.0,3.0999999999999996,2.9759999999999995,0.0744,2.983821252907748
2025-06-23,2025-06-30,0.028,True,6025.1699,6204.9502,5855.0,40.0,2.4000000000000004,2.3040000000000003,0.057600000000000005,2.983821252907748
2025-07-01,2025-07-08,0.019,True,6198.0098,6225.52,6080.0,40.0,3.0,2.88,0.072,0.44385538080304876
2025-07-01,2025-07-08,0.022,True,6198.0098,6225.52,6060.0,40.0,2.1,2.016,0.0504,0.44385538080304876
2025-07-01,2025-07-08,0.025,True,6198.0098,6225.52,6045.0,40.0,1.75,1.68,0.041999999999999996,0.44385538080304876
2025-07-01,2025-07-08,0.028,True,6198.0098,6225.52,6025.0,40.0,1.25,1.2,0.03,0.44385538080304876
2025-07-09,2025-07-16,0.019,True,6263.2598,6263.7002,6145.0,40.0,2.9000000000000004,2.7840000000000003,0.06960000000000001,0.007031482232311426
2025-07-09,2025-07-16,0.022,True,6263.2598,6263.7002,6125.0,40.0,2.1,2.016,0.0504,0.007031482232311426
2025-07-09,2025-07-16,0.025,True,6263.2598,6263.7002,6105.0,40.0,1.5500000000000003,1.4880000000000002,0.037200000000000004,0.007031482232311426
2025-07-09,2025-07-16,0.028,True,6263.2598,6263.7002,6090.0,40.0,1.3000000000000003,1.2480000000000002,0.031200000000000006,0.007031482232311426
2025-07-17,2025-07-24,0.019,True,6297.3599,6363.3501,6180.0,40.0,3.0,2.88,0.072,1.047902629798858
2025-07-17,2025-07-24,0.022,True,6297.3599,6363.3501,6160.0,40.0,2.2,2.112,0.0528,1.047902629798858
2025-07-17,2025-07-24,0.025,True,6297.3599,6363.3501,6140.0,40.0,1.7000000000000002,1.6320000000000001,0.0408,1.047902629798858
2025-07-17,2025-07-24,0.028,True,6297.3599,6363.3501,6120.0,40.0,1.15,1.1039999999999999,0.027599999999999996,1.047902629798858
2025-07-25,2025-08-01,0.019,True,6388.6401,6238.0098,6265.0,40.0,3.3999999999999995,-23.726200000000187,-0.5931550000000047,-2.3577834663123354
2025-07-25,2025-08-01,0.022,True,6388.6401,6238.0098,6250.0,40.0,2.799999999999999,-9.302200000000187,-0.23255500000000467,-2.3577834663123354
2025-07-25,2025-08-01,0.025,True,6388.6401,6238.0098,6230.0,40.0,2.2,2.112,0.0528,-2.3577834663123354
2025-07-25,2025-08-01,0.028,True,6388.6401,6238.0098,6210.0,40.0,1.6,1.536,0.038400000000000004,-2.3577834663123354
2025-08-04,2025-08-11,0.019,True,6329.9399,6373.4502,6210.0,40.0,3.5,3.36,0.08399999999999999,0.6873730349319818
2025-08-04,2025-08-11,0.022,True,6329.9399,6373.4502,6190.0,40.0,2.8999999999999995,2.7839999999999994,0.06959999999999998,0.6873730349319818
2025-08-04,2025-08-11,0.025,True,6329.9399,6373.4502,6170.0,40.0,2.4000000000000004,2.3040000000000003,0.057600000000000005,0.6873730349319818
2025-08-04,2025-08-11,0.028,True,6329.9399,6373.4502,6155.0,40.0,2.0,1.92,0.048,0.6873730349319818
2025-08-12,2025-08-19,0.019,True,6445.7598,6411.3701,6325.0,40.0,2.3999999999999995,2.3039999999999994,0.057599999999999985,-0.5335243798566536
2025-08-12,2025-08-19,0.022,True,6445.7598,6411.3701,6305.0,40.0,1.7999999999999998,1.7279999999999998,0.043199999999999995,-0.5335243798566536
2025-08-12,2025-08-19,0.025,True,6445.7598,6411.3701,6285.0,40.0,1.2999999999999998,1.2479999999999998,0.031199999999999995,-0.5335243798566536
2025-08-12,2025-08-19,0.028,True,6445.7598,6411.3701,6265.0,40.0,1.0,0.96,0.024,-0.5335243798566536
2025-08-20,2025-08-27,0.019,True,6395.7798,6481.3999,6275.0,40.0,3.8,3.6479999999999997,0.09119999999999999,1.3386968075417505
2025-08-20,2025-08-27,0.022,True,6395.7798,6481.3999,6255.0,40.0,3.1000000000000005,2.9760000000000004,0.07440000000000001,1.3386968075417505
2025-08-20,2025-08-27,0.025,True,6395.7798,6481.3999,6235.0,40.0,2.5,2.4,0.06,1.3386968075417505
2025-08-20,2025-08-27,0.028,True,6395.7798,6481.3999,6215.0,40.0,1.7999999999999998,1.7279999999999998,0.043199999999999995,1.3386968075417505
2025-08-28,2025-09-04,0.019,True,6501.8599,6502.0801,6380.0,40.0,1.4000000000000004,1.3440000000000003,0.033600000000000005,0.003386723235920819
2025-08-28,2025-09-04,0.022,True,6501.8599,6502.0801,6360.0,40.0,1.0,0.96,0.024,0.003386723235920819
2025-08-28,2025-09-04,0.025,True,6501.8599,6502.0801,6340.0,40.0,0.75,0.72,0.018,0.003386723235920819
2025-08-28,2025-09-04,0.028,True,6501.8599,6502.0801,6320.0,40.0,0.5,0.48,0.012,0.003386723235920819
2025-09-05,2025-09-12,0.019,True,6481.5,6584.29,6360.0,40.0,3.0999999999999996,2.9759999999999995,0.0744,1.5858983260047754
2025-09-05,2025-09-12,0.022,True,6481.5,6584.29,6340.0,40.0,2.3999999999999995,2.3039999999999994,0.057599999999999985,1.5858983260047754
2025-09-05,2025-09-12,0.025,True,6481.5,6584.29,6320.0,40.0,1.8000000000000007,1.7280000000000006,0.043200000000000016,1.5858983260047754
2025-09-05,2025-09-12,0.028,True,6481.5,6584.29,6300.0,40.0,1.4,1.3439999999999999,0.0336,1.5858983260047754
2025-09-15,2025-09-22,0.019,True,6615.2798,6693.75,6490.0,45.0,3.4000000000000004,3.2640000000000002,0.07253333333333334,1.1861962361743084
2025-09-15,2025-09-22,0.022,True,6615.2798,6693.75,6470.0,45.0,2.7,2.592,0.0576,1.1861962361743084
2025-09-15,2025-09-22,0.025,True,6615.2798,6693.75,6450.0,45.0,2.3,2.2079999999999997,0.04906666666666666,1.1861962361743084
2025-09-15,2025-09-22,0.028,True,6615.2798,6693.75,6430.0,45.0,1.8000000000000007,1.7280000000000006,0.03840000000000002,1.1861962361743084
2025-09-23,2025-09-30,0.019,True,6656.9199,6688.46,6530.0,45.0,3.200000000000001,3.072000000000001,0.06826666666666668,0.47379419421886837
2025-09-23,2025-09-30,0.022,True,6656.9199,6688.46,6510.0,45.0,2.3999999999999995,2.3039999999999994,0.05119999999999999,0.47379419421886837
2025-09-23,2025-09-30,0.025,True,6656.9199,6688.46,6490.0,45.0,1.8999999999999995,1.8239999999999994,0.04053333333333332,0.47379419421886837
2025-09-23,2025-09-30,0.028,True,6656.9199,6688.46,6470.0,45.0,1.4000000000000004,1.3440000000000003,0.029866666666666673,0.47379419421886837
2025-10-01,2025-10-08,0.019,True,6711.2002,6753.7202,6585.0,45.0,2.9000000000000004,2.7840000000000003,0.061866666666666674,0.6335677484334168
2025-10-01,2025-10-08,0.022,True,6711.2002,6753.7202,6565.0,45.0,2.200000000000001,2.112000000000001,0.046933333333333355,0.6335677484334168
2025-10-01,2025-10-08,0.025,True,6711.2002,6753.7202,6545.0,45.0,1.6999999999999993,1.6319999999999992,0.03626666666666665,0.6335677484334168
2025-10-01,2025-10-08,0.028,True,6711.2002,6753.7202,6525.0,45.0,1.3999999999999995,1.3439999999999994,0.029866666666666652,0.6335677484334168
2025-10-09,2025-10-16,0.019,True,6735.1099,6629.0698,6605.0,45.0,3.0,2.88,0.064,-1.5744375604026861
2025-10-09,2025-10-16,0.022,True,6735.1099,6629.0698,6585.0,45.0,2.500000000000001,2.400000000000001,0.05333333333333335,-1.5744375604026861
2025-10-09,2025-10-16,0.025,True,6735.1099,6629.0698,6565.0,45.0,2.0,1.92,0.042666666666666665,-1.5744375604026861
2025-10-09,2025-10-16,0.028,True,6735.1099,6629.0698,6545.0,45.0,1.6000000000000005,1.5360000000000005,0.03413333333333334,-1.5744375604026861
2025-10-17,2025-10-24,0.019,True,6664.0098,6791.6899,6535.0,45.0,5.699999999999999,5.4719999999999995,0.12159999999999999,1.915965069559178
2025-10-17,2025-10-24,0.022,True,6664.0098,6791.6899,6515.0,45.0,4.800000000000001,4.6080000000000005,0.10240000000000002,1.915965069559178
2025-10-17,2025-10-24,0.025,True,6664.0098,6791.6899,6495.0,45.0,4.200000000000001,4.032000000000001,0.08960000000000003,1.915965069559178
2025-10-17,2025-10-24,0.028,True,6664.0098,6791.6899,6475.0,45.0,3.6000000000000014,3.4560000000000013,0.07680000000000003,1.915965069559178
2025-10-27,2025-11-03,0.019,True,6875.1602,6851.9702,6745.0,45.0,3.9000000000000004,3.744,0.08320000000000001,-0.33730123117713395
2025-10-27,2025-11-03,0.022,True,6875.1602,6851.9702,6725.0,45.0,3.0999999999999996,2.9759999999999995,0.06613333333333332,-0.33730123117713395
2025-10-27,2025-11-03,0.025,True,6875.1602,6851.9702,6705.0,45.0,2.5999999999999996,2.4959999999999996,0.05546666666666666,-0.33730123117713395
2025-10-27,2025-11-03,0.028,True,6875.1602,6851.9702,6685.0,45.0,2.0,1.92,0.042666666666666665,-0.33730123117713395
2025-11-04,2025-11-11,0.019,True,6771.5498,6846.6099,6645.0,45.0,5.199999999999999,4.991999999999999,0.11093333333333331,1.1084626446961954
2025-11-04,2025-11-11,0.022,True,6771.5498,6846.6099,6625.0,45.0,4.4,4.224,0.09386666666666667,1.1084626446961954
2025-11-04,2025-11-11,0.025,True,6771.5498,6846.6099,6600.0,45.0,3.5,3.36,0.07466666666666666,1.1084626446961954
2025-11-04,2025-11-11,0.028,True,6771.5498,6846.6099,6580.0,40.0,2.7,2.592,0.0648,1.1084626446961954
2025-11-12,2025-11-19,0.019,True,6850.9199,6642.1602,6720.0,45.0,4.2,-40.968,-0.9104000000000001,-3.047177649821886
2025-11-12,2025-11-19,0.022,True,6850.9199,6642.1602,6700.0,45.0,3.4000000000000004,-41.736,-0.9274666666666666,-3.047177649821886
2025-11-12,2025-11-19,0.025,True,6850.9199,6642.1602,6680.0,45.0,2.5999999999999996,-35.34379999999974,-0.785417777777772,-3.047177649821886
2025-11-12,2025-11-19,0.028,True,6850.9199,6642.1602,6660.0,45.0,2.0999999999999996,-15.823799999999741,-0.35163999999999423,-3.047177649821886
2025-11-20,2025-11-26,0.019,True,6538.7598,6812.6099,6415.0,45.0,8.5,8.16,0.18133333333333335,4.188104600508513
2025-11-20,2025-11-26,0.022,True,6538.7598,6812.6099,6395.0,45.0,7.5,7.199999999999999,0.15999999999999998,4.188104600508513
2025-11-20,2025-11-26,0.025,True,6538.7598,6812.6099,6375.0,45.0,6.600000000000001,6.336000000000001,0.14080000000000004,4.188104600508513
2025-11-20,2025-11-26,0.028,True,6538.7598,6812.6099,6355.0,45.0,5.799999999999997,5.567999999999997,0.12373333333333326,4.188104600508513
2025-11-28,2025-12-05,0.019,True,6849.0898,6870.3999,6720.0,45.0,3.8,3.6479999999999997,0.08106666666666666,0.3111376930698295
2025-11-28,2025-12-05,0.022,True,6849.0898,6870.3999,6700.0,45.0,2.9000000000000004,2.7840000000000003,0.061866666666666674,0.3111376930698295
2025-11-28,2025-12-05,0.025,True,6849.0898,6870.3999,6680.0,45.0,2.3,2.2079999999999997,0.04906666666666666,0.3111376930698295
2025-11-28,2025-12-05,0.028,True,6849.0898,6870.3999,6655.0,45.0,1.7999999999999998,1.7279999999999998,0.0384,0.3111376930698295
2025-12-08,2025-12-15,0.019,True,6846.5098,6816.5098,6715.0,45.0,4.9,4.704,0.10453333333333333,-0.4381794648128601
2025-12-08,2025-12-15,0.022,True,6846.5098,6816.5098,6695.0,45.0,3.9000000000000004,3.744,0.08320000000000001,-0.4381794648128601
2025-12-08,2025-12-15,0.025,True,6846.5098,6816.5098,6675.0,45.0,3.2,3.072,0.06826666666666667,-0.4381794648128601
2025-12-08,2025-12-15,0.028,True,6846.5098,6816.5098,6655.0,45.0,2.5,2.4,0.05333333333333333,-0.4381794648128601
2025-12-16,2025-12-23,0.019,True,6800.2598,6909.79,6670.0,45.0,4.6,4.4159999999999995,0.09813333333333332,1.6106766979696818
2025-12-16,2025-12-23,0.022,True,6800.2598,6909.79,6650.0,45.0,3.8,3.6479999999999997,0.08106666666666666,1.6106766979696818
2025-12-16,2025-12-23,0.025,True,6800.2598,6909.79,6630.0,45.0,3.0,2.88,0.064,1.6106766979696818
2025-12-16,2025-12-23,0.028,True,6800.2598,6909.79,6610.0,45.0,2.4000000000000004,2.3040000000000003,0.05120000000000001,1.6106766979696818
2025-12-24,2025-12-31,0.019,True,6932.0498,6845.5,6800.0,45.0,1.3999999999999995,1.3439999999999994,0.029866666666666652,-1.2485455600737327
2025-12-24,2025-12-31,0.022,True,6932.0498,6845.5,6780.0,45.0,1.0499999999999998,1.0079999999999998,0.022399999999999996,-1.2485455600737327
2025-12-24,2025-12-31,0.025,True,6932.0498,6845.5,6760.0,45.0,0.75,0.72,0.016,-1.2485455600737327
2025-12-24,2025-12-31,0.028,True,6932.0498,6845.5,6740.0,45.0,0.5499999999999998,0.5279999999999998,0.011733333333333328,-1.2485455600737327
2026-01-02,2026-01-09,0.019,True,6858.4702,6966.2798,6730.0,45.0,3.0999999999999996,2.9759999999999995,0.06613333333333332,1.5719190556518159
2026-01-02,2026-01-09,0.022,True,6858.4702,6966.2798,6710.0,45.0,2.3000000000000003,2.208,0.04906666666666667,1.5719190556518159
2026-01-02,2026-01-09,0.025,True,6858.4702,6966.2798,6685.0,45.0,1.5499999999999998,1.4879999999999998,0.03306666666666666,1.5719190556518159
2026-01-02,2026-01-09,0.028,True,6858.4702,6966.2798,6665.0,45.0,1.0999999999999999,1.0559999999999998,0.023466666666666663,1.5719190556518159
2026-01-12,2026-01-20,0.019,True,6977.27,6796.8599,6845.0,45.0,3.0,-42.12,-0.9359999999999999,-2.585683225674229
2026-01-12,2026-01-20,0.022,True,6977.27,6796.8599,6825.0,45.0,2.3,-25.932099999999622,-0.5762688888888805,-2.585683225674229
2026-01-12,2026-01-20,0.025,True,6977.27,6796.8599,6805.0,45.0,1.7999999999999998,-6.41209999999962,-0.1424911111111027,-2.585683225674229
2026-01-12,2026-01-20,0.028,True,6977.27,6796.8599,6780.0,45.0,1.2999999999999998,1.2479999999999998,0.02773333333333333,-2.585683225674229
2026-01-21,2026-01-28,0.019,True,6875.6201,6978.0298,6745.0,45.0,4.6,4.4159999999999995,0.09813333333333332,1.4894612923712858
2026-01-21,2026-01-28,0.022,True,6875.6201,6978.0298,6725.0,45.0,3.8000000000000007,3.6480000000000006,0.08106666666666668,1.4894612923712858
2026-01-21,2026-01-28,0.025,True,6875.6201,6978.0298,6705.0,45.0,3.1000000000000005,2.9760000000000004,0.06613333333333335,1.4894612923712858
2026-01-21,2026-01-28,0.028,True,6875.6201,6978.0298,6685.0,45.0,2.5999999999999996,2.4959999999999996,0.05546666666666666,1.4894612923712858
2026-01-29,2026-02-05,0.019,True,6969.0098,6798.3999,6835.0,45.0,5.099999999999998,-31.70409999999966,-0.704535555555548,-2.448122543894249
2026-01-29,2026-02-05,0.022,True,6969.0098,6798.3999,6815.0,45.0,4.300000000000001,-12.472099999999656,-0.2771577777777701,-2.448122543894249
2026-01-29,2026-02-05,0.025,True,6969.0098,6798.3999,6795.0,45.0,3.5999999999999996,3.4559999999999995,0.0768,-2.448122543894249
2026-01-29,2026-02-05,0.028,True,6969.0098,6798.3999,6775.0,45.0,3.1000000000000005,2.9760000000000004,0.06613333333333335,-2.448122543894249
2026-02-06,2026-02-13,0.019,True,6932.2998,6836.1699,6800.0,45.0,5.900000000000002,5.6640000000000015,0.1258666666666667,-1.3866956532953112
2026-02-06,2026-02-13,0.022,True,6932.2998,6836.1699,6780.0,45.0,5.100000000000001,4.896000000000001,0.10880000000000002,-1.3866956532953112
2026-02-06,2026-02-13,0.025,True,6932.2998,6836.1699,6760.0,45.0,4.300000000000001,4.128,0.09173333333333333,-1.3866956532953112
2026-02-06,2026-02-13,0.028,True,6932.2998,6836.1699,6740.0,45.0,3.700000000000001,3.552000000000001,0.07893333333333336,-1.3866956532953112
2026-02-17,2026-02-24,0.019,True,6843.2202,6890.0698,6715.0,45.0,6.699999999999999,6.4319999999999995,0.14293333333333333,0.6846133637494312
2026-02-17,2026-02-24,0.022,True,6843.2202,6890.0698,6695.0,45.0,5.800000000000001,5.5680000000000005,0.12373333333333335,0.6846133637494312
2026-02-17,2026-02-24,0.025,True,6843.2202,6890.0698,6670.0,45.0,5.0,4.8,0.10666666666666666,0.6846133637494312
2026-02-17,2026-02-24,0.028,True,6843.2202,6890.0698,6650.0,45.0,4.299999999999999,4.127999999999999,0.09173333333333332,0.6846133637494312
2026-02-25,2026-03-04,0.019,True,6946.1299,6869.5,6815.0,45.0,4.899999999999999,4.703999999999999,0.10453333333333331,-1.1032028065009247
2026-02-25,2026-03-04,0.022,True,6946.1299,6869.5,6795.0,45.0,4.299999999999999,4.127999999999999,0.09173333333333332,-1.1032028065009247
2026-02-25,2026-03-04,0.025,True,6946.1299,6869.5,6770.0,45.0,3.5999999999999996,3.4559999999999995,0.0768,-1.1032028065009247
2026-02-25,2026-03-04,0.028,True,6946.1299,6869.5,6750.0,45.0,3.0999999999999996,2.9759999999999995,0.06613333333333332,-1.1032028065009247
2026-03-05,2026-03-12,0.019,True,6830.71,6672.6201,6700.0,45.0,8.0,-19.699899999999907,-0.4377755555555535,-2.3143992352185894
2026-03-05,2026-03-12,0.022,True,6830.71,6672.6201,6680.0,45.0,7.200000000000003,-0.4678999999999043,-0.01039777777777565,-2.3143992352185894
2026-03-05,2026-03-12,0.025,True,6830.71,6672.6201,6660.0,45.0,6.5,6.24,0.13866666666666666,-2.3143992352185894
2026-03-05,2026-03-12,0.028,True,6830.71,6672.6201,6640.0,40.0,5.199999999999999,4.991999999999999,0.12479999999999998,-2.3143992352185894
2026-03-13,2026-03-20,0.019,True,6632.1899,6506.48,6505.0,45.0,9.899999999999999,9.503999999999998,0.21119999999999994,-1.8954508525155567
2026-03-13,2026-03-20,0.022,True,6632.1899,6506.48,6485.0,45.0,9.0,8.64,0.192,-1.8954508525155567
2026-03-13,2026-03-20,0.025,True,6632.1899,6506.48,6465.0,45.0,7.899999999999999,7.583999999999999,0.1685333333333333,-1.8954508525155567
2026-03-13,2026-03-20,0.028,True,6632.1899,6506.48,6445.0,45.0,7.5,7.199999999999999,0.15999999999999998,-1.8954508525155567
2026-03-23,2026-03-30,0.019,False,6581.0,6343.7202,6455.0,45.0,10.100000000000001,-35.304,-0.7845333333333334,-3.605528035253003
2026-03-23,2026-03-30,0.022,False,6581.0,6343.7202,6435.0,45.0,9.200000000000003,-36.168,-0.8037333333333333,-3.605528035253003
2026-03-23,2026-03-30,0.025,False,6581.0,6343.7202,6415.0,45.0,8.400000000000002,-36.936,-0.8208,-3.605528035253003
2026-03-23,2026-03-30,0.028,False,6581.0,6343.7202,6395.0,45.0,7.600000000000001,-37.704,-0.8378666666666666,-3.605528035253003
2026-03-31,2026-04-07,0.019,False,6528.52,6616.8501,6405.0,45.0,8.499999999999996,8.159999999999997,0.18133333333333326,1.3529881198188765
2026-03-31,2026-04-07,0.022,False,6528.52,6616.8501,6385.0,45.0,7.5,7.199999999999999,0.15999999999999998,1.3529881198188765
2026-03-31,2026-04-07,0.025,False,6528.52,6616.8501,6365.0,45.0,6.699999999999999,6.4319999999999995,0.14293333333333333,1.3529881198188765
2026-03-31,2026-04-07,0.028,False,6528.52,6616.8501,6345.0,45.0,5.899999999999999,5.663999999999999,0.12586666666666663,1.3529881198188765
2026-04-08,2026-04-15,0.019,True,6782.8101,7126.0601,6655.0,45.0,6.799999999999997,6.527999999999997,0.1450666666666666,5.060586909251663
2026-04-08,2026-04-15,0.022,True,6782.8101,7126.0601,6635.0,45.0,6.0,5.76,0.128,5.060586909251663
2026-04-08,2026-04-15,0.025,True,6782.8101,7126.0601,6615.0,45.0,5.199999999999999,4.991999999999999,0.11093333333333331,5.060586909251663
2026-04-08,2026-04-15,0.028,True,6782.8101,7126.0601,6595.0,45.0,4.599999999999998,4.415999999999998,0.09813333333333328,5.060586909251663
2026-04-16,2026-04-23,0.019,True,7041.2798,7108.3999,6905.0,45.0,4.699999999999999,4.512,0.10026666666666666,0.953237222585579
2026-04-16,2026-04-23,0.022,True,7041.2798,7108.3999,6885.0,45.0,4.0,3.84,0.08533333333333333,0.953237222585579
2026-04-16,2026-04-23,0.025,True,7041.2798,7108.3999,6865.0,45.0,3.3000000000000007,3.1680000000000006,0.07040000000000002,0.953237222585579
2026-04-16,2026-04-23,0.028,True,7041.2798,7108.3999,6845.0,45.0,2.8000000000000007,2.6880000000000006,0.05973333333333335,0.953237222585579
2026-04-24,2026-05-01,0.019,True,7165.0801,7230.1201,7030.0,45.0,6.499999999999998,6.239999999999998,0.13866666666666663,0.9077358395477075
2026-04-24,2026-05-01,0.022,True,7165.0801,7230.1201,7005.0,45.0,5.399999999999999,5.183999999999998,0.11519999999999997,0.9077358395477075
2026-04-24,2026-05-01,0.025,True,7165.0801,7230.1201,6985.0,45.0,4.6,4.4159999999999995,0.09813333333333332,0.9077358395477075
2026-04-24,2026-05-01,0.028,True,7165.0801,7230.1201,6965.0,45.0,4.0,3.84,0.08533333333333333,0.9077358395477075
2026-05-04,2026-05-11,0.019,True,7200.75,7412.8398,7065.0,45.0,5.499999999999998,5.2799999999999985,0.1173333333333333,2.945384855744182
2026-05-04,2026-05-11,0.022,True,7200.75,7412.8398,7040.0,45.0,4.5,4.32,0.096,2.945384855744182
2026-05-04,2026-05-11,0.025,True,7200.75,7412.8398,7020.0,45.0,3.799999999999999,3.647999999999999,0.08106666666666663,2.945384855744182
2026-05-04,2026-05-11,0.028,True,7200.75,7412.8398,7000.0,45.0,3.1999999999999993,3.071999999999999,0.06826666666666664,2.945384855744182
2026-05-12,2026-05-19,0.019,True,7400.96,7353.6099,7260.0,50.0,5.1,4.896,0.09792,-0.6397832173123397
2026-05-12,2026-05-19,0.022,True,7400.96,7353.6099,7240.0,50.0,4.300000000000001,4.128,0.08256000000000001,-0.6397832173123397
2026-05-12,2026-05-19,0.025,True,7400.96,7353.6099,7215.0,50.0,3.4000000000000004,3.2640000000000002,0.06528,-0.6397832173123397
2026-05-12,2026-05-19,0.028,True,7400.96,7353.6099,7195.0,50.0,2.8000000000000007,2.6880000000000006,0.05376000000000001,-0.6397832173123397
2026-05-20,2026-05-27,0.019,True,7432.9702,7520.3599,7290.0,50.0,5.4,5.184,0.10368000000000001,1.1757036238353447
2026-05-20,2026-05-27,0.022,True,7432.9702,7520.3599,7270.0,50.0,4.5,4.32,0.0864,1.1757036238353447
2026-05-20,2026-05-27,0.025,True,7432.9702,7520.3599,7245.0,50.0,3.5999999999999996,3.4559999999999995,0.06911999999999999,1.1757036238353447
2026-05-20,2026-05-27,0.028,True,7432.9702,7520.3599,7225.0,45.0,2.7,2.592,0.0576,1.1757036238353447
2026-05-28,2026-06-04,0.019,True,7563.6269,7584.3101,7420.0,50.0,3.1000000000000005,2.9760000000000004,0.05952000000000001,0.2734561113795664
2026-05-28,2026-06-04,0.022,True,7563.6269,7584.3101,7395.0,50.0,2.2,2.112,0.04224,0.2734561113795664
2026-05-28,2026-06-04,0.025,True,7563.6269,7584.3101,7375.0,50.0,1.7999999999999998,1.7279999999999998,0.034559999999999994,0.2734561113795664
2026-05-28,2026-06-04,0.028,True,7563.6269,7584.3101,7350.0,50.0,1.2999999999999998,1.2479999999999998,0.024959999999999996,0.2734561113795664
2026-06-05,2026-06-12,0.019,True,7383.7402,7431.46,7245.0,50.0,8.700000000000003,8.352000000000002,0.16704000000000005,0.6462822188678885
2026-06-05,2026-06-12,0.022,True,7383.7402,7431.46,7220.0,50.0,7.5,7.199999999999999,0.144,0.6462822188678885
2026-06-05,2026-06-12,0.025,True,7383.7402,7431.46,7200.0,50.0,6.600000000000001,6.336000000000001,0.12672000000000003,0.6462822188678885
2026-06-05,2026-06-12,0.028,True,7383.7402,7431.46,7175.0,50.0,5.699999999999999,5.4719999999999995,0.10944,0.6462822188678885
